# Italienska: de 3 000 första raderna i Kelly-listan för italienska (it_m3.xls, https://ssharoff.github.io/kelly/),
# Kilgarriff A. m.fl. 2014, 'Corpus-based vocabulary lists for language learners for nine languages',
# Language Resources and Evaluation 48:121-63. Licens: CC BY-NC-SA 2.0. Listan är sorterad efter frekvens i en webbkorpus
# (itWaC); GERS-nivån följer rangen (A1 ≈ 1–1 013, A2 ≈ 1 014–2 050). Kolumner: rang, lemma, ordklass, GERS-nivå.
1	di	prep	A1
2	il, lo, la	det	A1
3	e	conj	A1
4	in	prep	A1
5	a	prep	A1
6	per	prep	A1
7	essere	v	A1
8	un, uno, una	det	A1
9	non	adv	A1
10	con	prep	A1
11	si	pron	A1
12	da	prep	A1
13	più	adv	A1
14	potere	v	A1
15	anche	adv	A1
16	questo	adj	A1
17	fare	v	A1
18	ma	conj	A1
19	o	conj	A1
20	avere	v	A1
21	suo	adj	A1
22	tutto	adj	A1
23	dovere	v	A1
24	se	conj	A1
25	anno	n	A1
26	altro	adj	A1
27	su	prep	A1
28	tra	prep	A1
29	dire	v	A1
30	primo	adj	A1
31	stesso	adj	A1
32	solo	adv	A1
33	parte	n	A1
34	grande	adj	A1
35	nuovo	adj	A1
36	numero	n	A1
37	dare	v	A1
38	due	num	A1
39	perché	conj	A1
40	andare	v	A1
41	volere	v	A1
42	quello	adj	A1
43	quanto	pron	A1
44	articolo	n	A1
45	tempo	n	A1
46	così	adv	A1
47	ogni	adj	A1
48	sempre	adv	A1
49	lavoro	n	A1
50	loro	adj	A1
51	poi	adv	A1
52	mi	pron	A1
53	già	adv	A1
54	caso	n	A1
55	stare	v	A1
56	dopo	prep	A1
57	ancora	adv	A1
58	trovare	v	A1
59	giorno	n	A1
60	senza	prep	A1
61	quale	pron	A1
62	alcun, alcuno	adj	A1
63	nostro	adj	A1
64	tale	adj	A1
65	volta	n	A1
66	sapere	v	A1
67	vedere	v	A1
68	modo	n	A1
69	molto	adv	A1
70	fine	n	A1
71	diverso	adj	A1
72	ultimo	adj	A1
73	proprio	n	A1
74	servizio	n	A1
75	legge	n	A1
76	chi	pron	A1
77	punto	n	A1
78	pubblico	adj	A1
79	stato	n	A1
80	quindi	adv	A1
81	italiano	adj	A1
82	mettere	v	A1
83	mio	adj	A1
84	tutto	pron	A1
85	persona	n	A1
86	vita	n	A1
87	secondo	prep	A1
88	Italia	np	A1
89	presente	adj	A1
90	quello	pron	A1
91	attività	n	A1
92	mondo	n	A1
93	oggi	adv	A1
94	prendere	v	A1
95	presentare	v	A1
96	tenere	v	A1
97	fino	prep	A1
98	altro	pron	A1
99	cosa	n	A1
100	senso	n	A1
101	invece	adv	A1
102	portare	v	A1
103	parlare	v	A1
104	io	pron	A1
105	nazionale	adj	A1
106	prima	adv	A1
107	pensare	v	A1
108	possibile	adj	A1
109	proprio	adv	A1
110	presidente	n	A1
111	problema	n	A1
112	se	pron	A1
113	chiedere	v	A1
114	mai	adv	A1
115	base	n	A1
116	ora	adv	A1
117	paese	n	A1
118	scrivere	v	A1
119	meno	adv	A1
120	mentre	conj	A1
121	rendere	v	A1
122	diritto	n	A1
123	sistema	n	A1
124	tre	num	A1
125	fatto	n	A1
126	relativo	adj	A1
127	momento	n	A1
128	corso	n	A1
129	ciò	pron	A1
130	infatti	adv	A1
131	però	adv	A1
132	ora	n	A1
133	trattare	v	A1
134	qualche	adj	A1
135	sembrare	v	A1
136	necessario	adj	A1
137	noi	pron	A1
138	venire	v	A1
139	gruppo	n	A1
140	termine	n	A1
141	qui	adv	A1
142	sociale	adj	A1
143	uomo	n	A1
144	progetto	n	A1
145	unico	adj	A1
146	ricerca	n	A1
147	secondo	adj	A1
148	generale	adj	A1
149	cercare	v	A1
150	molto	pron	A1
151	informazione	n	A1
152	fra	prep	A1
153	arrivare	v	A1
154	consiglio	n	A1
155	mese	n	A1
156	livello	n	A1
157	centro	n	A1
158	soprattutto	adv	A1
159	attraverso	prep	A1
160	importante	adj	A1
161	riguardare	v	A1
162	contro	prep	A1
163	ricordare	v	A1
164	considerare	v	A1
165	rapporto	n	A1
166	lasciare	v	A1
167	politico	adj	A1
168	storia	n	A1
169	piccolo	adj	A1
170	seguire	v	A1
171	svolgere	v	A1
172	sentire	v	A1
173	passare	v	A1
174	riuscire	v	A1
175	forma	n	A1
176	tanto	adv	A1
177	intervento	n	A1
178	inoltre	adv	A1
179	esempio	n	A1
180	verso	prep	A1
181	europeo	adj	A1
182	casa	n	A1
183	diventare	v	A1
184	atto	n	A1
185	governo	n	A1
186	loro	pron	A1
187	forse	adv	A1
188	presso	prep	A1
189	economico	adj	A1
190	studio	n	A1
191	parola	n	A1
192	quasi	adv	A1
193	condizione	n	A1
194	previsto	adj	A1
195	tipo	n	A1
196	Roma	np	A1
197	sotto	prep	A1
198	titolo	n	A1
199	oltre	adv	A1
200	me	pron	A1
201	situazione	n	A1
202	regione	n	A1
203	programma	n	A1
204	credere	v	A1
205	utilizzare	v	A1
206	piano	n	A1
207	bene	adv	A1
208	posto	n	A1
209	luogo	n	A1
210	disposizione	n	A1
211	conoscere	v	A1
212	almeno	adv	A1
213	via	n	A1
214	costituire	v	A1
215	lui	pron	A1
216	locale	adj	A1
217	scuola	n	A1
218	alto	adj	A1
219	particolare	n	A1
220	ritenere	v	A1
221	comune	adj	A1
222	realizzare	v	A1
223	leggere	v	A1
224	certo	adj	A1
225	settore	n	A1
226	gli	det	A1
227	periodo	n	A1
228	continuare	v	A1
229	vivere	v	A1
230	consentire	v	A1
231	circa	adv	A1
232	visto	n	A1
233	opera	n	A1
234	relazione	n	A1
235	nome	n	A1
236	forza	n	A1
237	allora	adv	A1
238	rappresentare	v	A1
239	porre	v	A1
240	possibilità	n	A1
241	risultato	n	A1
242	dato	n	A1
243	sviluppo	n	A1
244	chiamare	v	A1
245	grazie	int	A1
246	comma	n	A1
247	effetto	n	A1
248	poco	adv	A1
249	commissione	n	A1
250	materia	n	A1
251	creare	v	A1
252	tornare	v	A1
253	buono	adj	A1
254	definire	v	A1
255	valore	n	A1
256	area	n	A1
257	lungo	adj	A1
258	esistere	v	A1
259	riferimento	n	A1
260	pagina	n	A1
261	sede	n	A1
262	proporre	v	A1
263	usare	v	A1
264	capire	v	A1
265	interesse	n	A1
266	interno	n	A1
267	domanda	n	A1
268	campo	n	A1
269	po'	pron	A1
270	azione	n	A1
271	ti	pron	A1
272	durante	prep	A1
273	società	n	A1
274	aprire	v	A1
275	restare	v	A1
276	realtà	n	A1
277	città	n	A1
278	intendere	v	A1
279	territorio	n	A1
280	regionale	adj	A1
281	proposta	n	A1
282	conto	n	A1
283	sia	conj	A1
284	fondo	n	A1
285	bello	adj	A1
286	norma	n	A1
287	grado	n	A1
288	nascere	v	A1
289	confronto	n	A1
290	internazionale	adj	A1
291	richiesta	n	A1
292	spesso	adv	A1
293	solo	adj	A1
294	meglio	adv	A1
295	permettere	v	A1
296	entrare	v	A1
297	funzione	n	A1
298	ambito	n	A1
299	forte	adj	A1
300	prevedere	v	A1
301	particolare	adj	A1
302	rispondere	v	A1
303	seguente	adj	A1
304	associazione	n	A1
305	rimanere	v	A1
306	ordine	n	A1
307	amministrazione	n	A1
308	successivo	adj	A1
309	decidere	v	A1
310	offrire	v	A1
311	ottenere	v	A1
312	mezzo	n	A1
313	partire	v	A1
314	formazione	n	A1
315	li	det	A1
316	iniziativa	n	A1
317	struttura	n	A1
318	ministro	n	A1
319	questione	n	A1
320	data	n	A1
321	esprimere	v	A1
322	richiedere	v	A1
323	fa	adv	A1
324	strumento	n	A1
325	oggetto	n	A1
326	umano	adj	A1
327	politica	n	A1
328	uso	n	A1
329	obiettivo	n	A1
330	no	adv	A1
331	comprendere	v	A1
332	tanto	pron	A1
333	aggiungere	v	A1
334	avvenire	v	A1
335	ufficio	n	A1
336	mano	n	A1
337	risultare	v	A1
338	risposta	n	A1
339	ruolo	n	A1
340	esperienza	n	A1
341	poco	adj	A1
342	scelta	n	A1
343	presenza	n	A1
344	strada	n	A1
345	le	det	A1
346	contenere	v	A1
347	via	adv	A1
348	controllo	n	A1
349	famiglia	n	A1
350	organizzazione	n	A1
351	tema	n	A1
352	fornire	v	A1
353	vista	n	A1
354	entro	prep	A1
355	prossimo	adj	A1
356	misura	n	A1
357	decreto	n	A1
358	tecnico	adj	A1
359	idea	n	A1
360	soggetto	n	A1
361	ragione	n	A1
362	qualità	n	A1
363	raggiungere	v	A1
364	fuori	adv	A1
365	processo	n	A1
366	inviare	v	A1
367	accordo	n	A1
368	iniziare	v	A1
369	precedente	adj	A1
370	sostenere	v	A1
371	superiore	adj	A1
372	troppo	adv	A1
373	inizio	n	A1
374	causa	n	A1
375	mercato	n	A1
376	effettuare	v	A1
377	fronte	n	A1
378	assumere	v	A1
379	specifico	adj	A1
380	donna	n	A1
381	aspetto	n	A1
382	rete	n	A1
383	dicembre	n	A1
384	riconoscere	v	A1
385	ente	n	A1
386	rispetto	n	A1
387	insieme	adv	A1
388	indicare	v	A1
389	testo	n	A1
390	luglio	n	A1
391	ormai	adv	A1
392	cittadino	n	A1
393	euro	n	A1
394	principale	adj	A1
395	tuo	pron	A1
396	giugno	n	A1
397	lavorare	v	A1
398	impresa	n	A1
399	gestione	n	A1
400	prodotto	n	A1
401	culturale	adj	A1
402	perdere	v	A1
403	marzo	n	A1
404	sito	n	A1
405	spiegare	v	A1
406	servire	v	A1
407	comunicazione	n	A1
408	seguito	n	A1
409	spazio	n	A1
410	libero	adj	A1
411	serie	n	A1
412	oltre	prep	A1
413	pieno	adj	A1
414	ambiente	n	A1
415	intero	adj	A1
416	cioè	adv	A1
417	cultura	n	A1
418	linea	n	A1
419	partecipare	v	A1
420	stabilire	v	A1
421	nulla	pron	A1
422	guardare	v	A1
423	sicurezza	n	A1
424	produrre	v	A1
425	cambiare	v	A1
426	scegliere	v	A1
427	occasione	n	A1
428	lettera	n	A1
429	civile	adj	A1
430	pubblicare	v	A1
431	attenzione	n	A1
432	migliore	adj	A1
433	motivo	n	A1
434	garantire	v	A1
435	comune	n	A1
436	questo	pron	A1
437	incontro	n	A1
438	cominciare	v	A1
439	posizione	n	A1
440	nonché	conj	A1
441	inserire	v	A1
442	terzo	adj	A1
443	elemento	n	A1
444	finire	v	A1
445	libro	n	A1
446	semplice	adj	A1
447	uscire	v	A1
448	modalità	n	A1
449	dedicare	v	A1
450	milione	n	A1
451	personale	adj	A1
452	settembre	n	A1
453	disporre	v	A1
454	istituto	n	A1
455	maggio	n	A1
456	ricevere	v	A1
457	Milano	np	A1
458	risorsa	n	A1
459	dunque	conj	A1
460	qualcosa	pron	A1
461	scorso	adj	A1
462	guerra	n	A1
463	bambino	n	A1
464	zona	n	A1
465	organizzare	v	A1
466	aprile	n	A1
467	documento	n	A1
468	nessuno	pron	A1
469	esame	n	A1
470	bastare	v	A1
471	gennaio	n	A1
472	bisogno	n	A1
473	privato	adj	A1
474	difficile	adj	A1
475	capo	n	A1
476	istituzione	n	A1
477	dimostrare	v	A1
478	cura	n	A1
479	nessun	adj	A1
480	natura	n	A1
481	noto	adj	A1
482	potere	n	A1
483	università	n	A1
484	Europa	np	A1
485	rischio	n	A1
486	limite	n	A1
487	qualsiasi	adj	A1
488	azienda	n	A1
489	dichiarare	v	A1
490	né	conj	A1
491	immagine	n	A1
492	acqua	n	A1
493	eventuale	adj	A1
494	autore	n	A1
495	subito	adv	A1
496	fase	n	A1
497	conoscenza	n	A1
498	ottobre	n	A1
499	storico	adj	A1
500	infine	adv	A1
501	oppure	conj	A1
502	apparire	v	A1
503	contenuto	n	A1
504	approvare	v	A1
505	spesa	n	A1
506	vecchio	adj	A1
507	applicazione	n	A1
508	soltanto	adv	A1
509	ulteriore	adj	A1
510	attuale	adj	A1
511	competenza	n	A1
512	sei	num	A1
513	vario	adj	A1
514	rivolgere	v	A1
515	utile	adj	A1
516	evitare	v	A1
517	amico	n	A1
518	medio	adj	A1
519	luce	n	A1
520	esigenza	n	A1
521	figlio	n	A1
522	comunità	n	A1
523	necessità	n	A1
524	affermare	v	A1
525	chiaro	adj	A1
526	messaggio	n	A1
527	voce	n	A1
528	gioco	n	A1
529	settimana	n	A1
530	giusto	adj	A1
531	diretto	adj	A1
532	prova	n	A1
533	produzione	n	A1
534	finanziario	adj	A1
535	febbraio	n	A1
536	modello	n	A1
537	costo	n	A1
538	bisognare	v	A1
539	capacità	n	A1
540	massimo	adj	A1
541	riportare	v	A1
542	professionale	adj	A1
543	procedura	n	A1
544	soluzione	n	A1
545	fondamentale	adj	A1
546	carattere	n	A1
547	novembre	n	A1
548	valutazione	n	A1
549	provare	v	A1
550	costruire	v	A1
551	occhio	n	A1
552	breve	adj	A1
553	impegno	n	A1
554	singolo	adj	A1
555	destinare	v	A1
556	collaborazione	n	A1
557	speciale	adj	A1
558	appena	adv	A1
559	adottare	v	A1
560	affrontare	v	A1
561	ridurre	v	A1
562	concludere	v	A1
563	determinare	v	A1
564	terra	n	A1
565	mancare	v	A1
566	riferire	v	A1
567	operare	v	A1
568	provincia	n	A1
569	interno	adj	A1
570	applicare	v	A1
571	provvedimento	n	A1
572	scopo	n	A1
573	contributo	n	A1
574	individuare	v	A1
575	repubblica	n	A1
576	disponibile	adj	A1
577	sì	adv	A1
578	grave	adj	A1
579	pari	adj	A1
580	genere	n	A1
581	corpo	n	A1
582	verificare	v	A1
583	lei	pron	A1
584	superare	v	A1
585	partecipazione	n	A1
586	intervenire	v	A1
587	qualcuno	pron	A1
588	basso	adj	A1
589	assicurare	v	A1
590	ufficiale	adj	A1
591	percorso	n	A1
592	promuovere	v	A1
593	direttamente	adv	A1
594	notizia	n	A1
595	certo	adv	A1
596	numeroso	adj	A1
597	direzione	n	A1
598	sezione	n	A1
599	vicino	adj	A1
600	tu	pron	A1
601	ragazzo	n	A1
602	valere	v	A1
603	ex	adj	A1
604	ovvero	conj	A1
605	impegnare	v	A1
606	raccogliere	v	A1
607	derivare	v	A1
608	agosto	n	A1
609	modificare	v	A1
610	favore	n	A1
611	contratto	n	A1
612	amministrativo	adj	A1
613	davvero	adv	A1
614	futuro	n	A1
615	occupare	v	A1
616	realizzazione	n	A1
617	sottolineare	v	A1
618	pure	conj	A1
619	mantenere	v	A1
620	morire	v	A1
621	libertà	n	A1
622	giovane	n	A1
623	responsabilità	n	A1
624	bene	n	A1
625	decisione	n	A1
626	resto	n	A1
627	aiutare	v	A1
628	fermare	v	A1
629	confermare	v	A1
630	camera	n	A1
631	sperare	v	A1
632	operazione	n	A1
633	personale	n	A1
634	categoria	n	A1
635	coinvolgere	v	A1
636	registrare	v	A1
637	scoprire	v	A1
638	autorità	n	A1
639	morte	n	A1
640	regola	n	A1
641	te	pron	A1
642	unità	n	A1
643	sopra	adv	A1
644	giovane	adj	A1
645	discussione	n	A1
646	chiudere	v	A1
647	osservare	v	A1
648	argomento	n	A1
649	ecco	adv	A1
650	evento	n	A1
651	movimento	n	A1
652	amore	n	A1
653	prezzo	n	A1
654	legislativo	adj	A1
655	scientifico	adj	A1
656	naturale	adj	A1
657	quadro	n	A1
658	età	n	A1
659	limitare	v	A1
660	direttore	n	A1
661	comporre	v	A1
662	caratteristica	n	A1
663	passo	n	A1
664	merito	n	A1
665	analisi	n	A1
666	esercizio	n	A1
667	unione	n	A1
668	sole	n	A1
669	criterio	n	A1
670	carta	n	A1
671	giornata	n	A1
672	cuore	n	A1
673	medesimo	adj	A1
674	condurre	v	A1
675	occorrere	v	A1
676	conseguenza	n	A1
677	cinque	num	A1
678	accesso	n	A1
679	gente	n	A1
680	aspettare	v	A1
681	film	n	A1
682	significare	v	A1
683	centrale	adj	A1
684	economia	n	A1
685	ieri	adv	A1
686	compito	n	A1
687	reale	adj	A1
688	mostrare	v	A1
689	recente	adj	A1
690	difficoltà	n	A1
691	regolamento	n	A1
692	membro	n	A1
693	vostro	adj	A1
694	piacere	v	A1
695	interessare	v	A1
696	ampio	adj	A1
697	comportare	v	A1
698	niente	adv	A1
699	pagare	v	A1
700	giungere	v	A1
701	indirizzo	n	A1
702	piuttosto	adv	A1
703	raccontare	v	A1
704	parere	n	A1
705	costituzione	n	A1
706	parere	v	A1
707	adesso	adv	A1
708	accettare	v	A1
709	coloro	pron	A1
710	procedere	v	A1
711	considerazione	n	A1
712	anzi	adv	A1
713	stampa	n	A1
714	dichiarazione	n	A1
715	sviluppare	v	A1
716	positivo	adj	A1
717	amare	v	A1
718	differenza	n	A1
719	lavoratore	n	A1
720	incontrare	v	A1
721	americano	adj	A1
722	avanti	adv	A1
723	successo	n	A1
724	disciplina	n	A1
725	difesa	n	A1
726	quota	n	A1
727	modifica	n	A1
728	pace	n	A1
729	musica	n	A1
730	simile	adj	A1
731	bilancio	n	A1
732	giudizio	n	A1
733	utente	n	A1
734	pertanto	adv	A1
735	padre	n	A1
736	finale	adj	A1
737	mediante	prep	A1
738	origine	n	A1
739	lontano	adj	A1
740	guida	n	A1
741	comunicare	v	A1
742	compiere	v	A1
743	dimensione	n	A1
744	voto	n	A1
745	aumentare	v	A1
746	mondiale	adj	A1
747	valutare	v	A1
748	fisico	adj	A1
749	presentazione	n	A1
750	aperto	adj	A1
751	indicazione	n	A1
752	secolo	n	A1
753	minore	adj	A1
754	sostituire	v	A1
755	chiesa	n	A1
756	formare	v	A1
757	crescere	v	A1
758	antico	adj	A1
759	fonte	n	A1
760	primo	n	A1
761	vincere	v	A1
762	integrazione	n	A1
763	classe	n	A1
764	maniera	n	A1
765	caro	adj	A1
766	lingua	n	A1
767	facile	adj	A1
768	pratica	n	A1
769	riguardo	n	A1
770	arte	n	A1
771	gestire	v	A1
772	legare	v	A1
773	danno	n	A1
774	attuazione	n	A1
775	interessante	adj	A1
776	comunale	adj	A1
777	obbligo	n	A1
778	attivo	adj	A1
779	rappresentante	n	A1
780	responsabile	n	A1
781	viaggio	n	A1
782	introdurre	v	A1
783	comitato	n	A1
784	ammettere	v	A1
785	continuo	adj	A1
786	pronto	adj	A1
787	favorire	v	A1
788	giocare	v	A1
789	unito	adj	A1
790	salute	n	A1
791	magari	adv	A1
792	pubblico	n	A1
793	riforma	n	A1
794	accompagnare	v	A1
795	risolvere	v	A1
796	notte	n	A1
797	sicuramente	adv	A1
798	tramite	prep	A1
799	nonostante	prep	A1
800	definizione	n	A1
801	popolazione	n	A1
802	colpire	v	A1
803	popolo	n	A1
804	succedere	v	A1
805	mare	n	A1
806	sera	n	A1
807	condividere	v	A1
808	minuto	n	A1
809	pensiero	n	A1
810	invitare	v	A1
811	aiuto	n	A1
812	affidare	v	A1
813	provenire	v	A1
814	accadere	v	A1
815	carico	n	A1
816	tecnologia	n	A1
817	fissare	v	A1
818	costruzione	n	A1
819	muovere	v	A1
820	manifestazione	n	A1
821	metà	n	A1
822	inferiore	adj	A1
823	proprio	adj	A1
824	commento	n	A1
825	partito	n	A1
826	passato	n	A1
827	istruzione	n	A1
828	figura	n	A1
829	straordinario	adj	A1
830	dimenticare	v	A1
831	scolastico	adj	A1
832	operativo	adj	A1
833	professore	n	A1
834	senza	conj	A1
835	sé	pron	A1
836	basare	v	A1
837	testa	n	A1
838	complessivo	adj	A1
839	preparare	v	A1
840	studente	n	A1
841	provvedere	v	A1
842	principio	n	A1
843	trasformare	v	A1
844	componente	n	A1
845	nota	n	A1
846	ovviamente	adv	A1
847	maggioranza	n	A1
848	opportunità	n	A1
849	fenomeno	n	A1
850	proseguire	v	A1
851	completo	adj	A1
852	ipotesi	n	A1
853	giro	n	A1
854	veramente	adv	A1
855	re	n	A1
856	provinciale	adj	A1
857	avviare	v	A1
858	là	adv	A1
859	codice	n	A1
860	utilizzo	n	A1
861	offerta	n	A1
862	passaggio	n	A1
863	nero	adj	A1
864	colore	n	A1
865	personaggio	n	A1
866	campagna	n	A1
867	attribuire	v	A1
868	dieci	num	A1
869	ricco	adj	A1
870	conclusione	n	A1
871	riprendere	v	A1
872	protagonista	n	A1
873	diffondere	v	A1
874	proposito	n	A1
875	sostegno	n	A1
876	significativo	adj	A1
877	escludere	v	A1
878	giustizia	n	A1
879	commerciale	adj	A1
880	trasmettere	v	A1
881	segnalare	v	A1
882	conferenza	n	A1
883	imporre	v	A1
884	appartenere	v	A1
885	metodo	n	A1
886	presto	adv	A1
887	pubblicazione	n	A1
888	ambientale	adj	A1
889	adeguato	adj	A1
890	correre	v	A1
891	caratterizzare	v	A1
892	sottoporre	v	A1
893	collegare	v	A1
894	costringere	v	A1
895	trattamento	n	A1
896	accogliere	v	A1
897	emergere	v	A1
898	iscrivere	v	A1
899	entrata	n	A1
900	esterno	adj	A1
901	purtroppo	adv	A1
902	bianco	adj	A1
903	minimo	adj	A1
904	scienza	n	A1
905	assoluto	adj	A1
906	concreto	adj	A1
907	verità	n	A1
908	probabilmente	adv	A1
909	durata	n	A1
910	insomma	adv	A1
911	importanza	n	A1
912	dirigente	n	A1
913	attesa	n	A1
914	apposito	adj	A1
915	dubbio	n	A1
916	moderno	adj	A1
917	lì	adv	A1
918	profondo	adj	A1
919	segno	n	A1
920	attualmente	adv	A1
921	contesto	n	A1
922	porta	n	A1
923	poiché	conj	A1
924	rilevare	v	A1
925	evidente	adj	A1
926	crescita	n	A1
927	normale	adj	A1
928	competente	adj	A1
929	materiale	n	A1
930	impianto	n	A1
931	assistenza	n	A1
932	ecc.	abb	A1
933	ritrovare	v	A1
934	capace	adj	A1
935	egli	pron	A1
936	contribuire	v	A1
937	male	adv	A1
938	ascoltare	v	A1
939	contatto	n	A1
940	organo	n	A1
941	trasporto	n	A1
942	comportamento	n	A1
943	militare	adj	A1
944	particolarmente	adv	A1
945	preciso	adj	A1
946	notare	v	A1
947	domenica	n	A1
948	lettura	n	A1
949	opinione	n	A1
950	ciao	int	A1
951	operatore	n	A1
952	divenire	v	A1
953	disegno	n	A1
954	esporre	v	A1
955	lato	n	A1
956	crisi	n	A1
957	interessato	adj	A1
958	assolutamente	adv	A1
959	tradizione	n	A1
960	sinistra	n	A1
961	controllare	v	A1
962	che	pron	A1
963	che	conj	A1
964	anche	conj	A1
965	ci	adv	A1
966	come	prep	A1
967	dove	adv	A1
968	come	conj	A1
969	quando	conj	A1
970	però	conj	A1
971	fino a	prep	A1
972	ne	pron	A1
973	ci	pron	A1
974	nulla	adv	A1
975	prima di	prep	A1
976	rispetto a	prep	A1
977	come	adv	A1
978	anche se	conj	A1
979	gli	pron	A1
980	uno	num	A1
981	maggiore	adj	A1
982	comunque	adv	A1
983	li	pron	A1
984	sennò	adv	A1
985	a	n	A1
986	la	pron	A1
987	le	pron	A1
988	in particolare	adv	A1
989	azionista	n	A1
990	Stati Uniti	np	A1
991	quindi	conj	A1
992	rendiconto	n	A1
993	che	adj	A1
994	allora	conj	A1
995	grazie a	prep	A1
996	liquidità	n	A1
997	New York	np	A1
998	più	adj	A1
999	quanto	adv	A1
1000	anzi	conj	A1
1001	nei confronti di	prep	A1
1002	oltre a	prep	A1
1003	per esempio	adv	A1
1004	serbo	adj	A1
1005	stesso	pron	A1
1006	nel corso di	prep	A1
1007	pigliare	v	A1
1008	diverso	adj	A1
1009	in quanto	conj	A1
1010	Serbo	n	A1
1011	Bosnia	np	A1
1012	comunque	conj	A1
1013	quando	adv	A1
1014	memoria	n	A2
1015	opportuno	adj	A2
1016	descrivere	v	A2
1017	mandare	v	A2
1018	parlamento	n	A2
1019	sanitario	adj	A2
1020	capitale	n	A2
1021	territoriale	adj	A2
1022	macchina	n	A2
1023	corte	n	A2
1024	migliorare	v	A2
1025	profilo	n	A2
1026	Dio	n	A2
1027	ripetere	v	A2
1028	scena	n	A2
1029	edizione	n	A2
1030	aumento	n	A2
1031	addirittura	adv	A2
1032	facoltà	n	A2
1033	complesso	adj	A2
1034	cadere	v	A2
1035	tentare	v	A2
1036	protezione	n	A2
1037	piede	n	A2
1038	esercitare	v	A2
1039	nord	n	A2
1040	visita	n	A2
1041	versione	n	A2
1042	guidare	v	A2
1043	totale	adj	A2
1044	distanza	n	A2
1045	vigore	n	A2
1046	commercio	n	A2
1047	errore	n	A2
1048	lotta	n	A2
1049	avanzare	v	A2
1050	banca	n	A2
1051	preferire	v	A2
1052	foto	n	A2
1053	paura	n	A2
1054	energia	n	A2
1055	citare	v	A2
1056	studiare	v	A2
1057	evidenziare	v	A2
1058	spirito	n	A2
1059	volontà	n	A2
1060	esperto	n	A2
1061	discorso	n	A2
1062	vicenda	n	A2
1063	espressione	n	A2
1064	finalmente	adv	A2
1065	polizia	n	A2
1066	indagine	n	A2
1067	eseguire	v	A2
1068	Internet	n	A2
1069	assistere	v	A2
1070	salvare	v	A2
1071	rispettare	v	A2
1072	lanciare	v	A2
1073	definitivo	adj	A2
1074	rivelare	v	A2
1075	sabato	n	A2
1076	nemmeno	adv	A2
1077	assegnare	v	A2
1078	tradizionale	adj	A2
1079	riservare	v	A2
1080	aria	n	A2
1081	duro	adj	A2
1082	Torino	np	A2
1083	contare	v	A2
1084	toccare	v	A2
1085	ricorso	n	A2
1086	metro	n	A2
1087	convincere	v	A2
1088	produttivo	adj	A2
1089	concernere	v	A2
1090	riduzione	n	A2
1091	malattia	n	A2
1092	giuridico	adj	A2
1093	sud	n	A2
1094	media	n	A2
1095	completamente	adv	A2
1096	sostanza	n	A2
1097	determinato	adj	A2
1098	web	n	A2
1099	impedire	v	A2
1100	mancanza	n	A2
1101	concorso	n	A2
1102	industriale	adj	A2
1103	autonomo	adj	A2
1104	apertura	n	A2
1105	voi	pron	A2
1106	tendere	v	A2
1107	semplicemente	adv	A2
1108	dopo	adv	A2
1109	concetto	n	A2
1110	inglese	adj	A2
1111	efficace	adj	A2
1112	famoso	adj	A2
1113	appunto	adv	A2
1114	sindaco	n	A2
1115	esso	pron	A2
1116	palazzo	n	A2
1117	salire	v	A2
1118	acquistare	v	A2
1119	previsione	n	A2
1120	istituzionale	adj	A2
1121	arma	n	A2
1122	curare	v	A2
1123	dibattito	n	A2
1124	assenza	n	A2
1125	riconoscimento	n	A2
1126	alcuno	pron	A2
1127	certamente	adv	A2
1128	mente	n	A2
1129	ciascun, ciascuno	adj	A2
1130	sufficiente	adj	A2
1131	finanziamento	n	A2
1132	medico	n	A2
1133	ritorno	n	A2
1134	prestazione	n	A2
1135	tecnica	n	A2
1136	unire	v	A2
1137	vendere	v	A2
1138	verifica	n	A2
1139	informare	v	A2
1140	annunciare	v	A2
1141	prospettiva	n	A2
1142	garanzia	n	A2
1143	grosso	adj	A2
1144	funzionare	v	A2
1145	regime	n	A2
1146	vendita	n	A2
1147	rischiare	v	A2
1148	segnare	v	A2
1149	togliere	v	A2
1150	abbastanza	adv	A2
1151	negativo	adj	A2
1152	mezzo	adj	A2
1153	qualora	conj	A2
1154	rientrare	v	A2
1155	naturalmente	adv	A2
1156	disponibilità	n	A2
1157	ordinario	adj	A2
1158	esistenza	n	A2
1159	specie	n	A2
1160	speranza	n	A2
1161	essenziale	adj	A2
1162	istituire	v	A2
1163	provocare	v	A2
1164	piazza	n	A2
1165	proprietà	n	A2
1166	giudice	n	A2
1167	possedere	v	A2
1168	riflessione	n	A2
1169	agenzia	n	A2
1170	volume	n	A2
1171	affare	n	A2
1172	compreso	adj	A2
1173	autonomia	n	A2
1174	esclusivamente	adv	A2
1175	santo	adj	A2
1176	gara	n	A2
1177	vivo	adj	A2
1178	fuoco	n	A2
1179	scendere	v	A2
1180	ingresso	n	A2
1181	elenco	n	A2
1182	destra	n	A2
1183	pagamento	n	A2
1184	lista	n	A2
1185	straniero	adj	A2
1186	precisare	v	A2
1187	spettacolo	n	A2
1188	visione	n	A2
1189	immediato	adj	A2
1190	Bologna	np	A2
1191	premio	n	A2
1192	dirigere	v	A2
1193	girare	v	A2
1194	corrispondere	v	A2
1195	elevato	adj	A2
1196	subire	v	A2
1197	ospitare	v	A2
1198	legato	adj	A2
1199	dietro	adv	A2
1200	approvazione	n	A2
1201	successivamente	adv	A2
1202	stagione	n	A2
1203	uccidere	v	A2
1204	Firenze	np	A2
1205	valido	adj	A2
1206	estendere	v	A2
1207	comunitario	adj	A2
1208	attendere	v	A2
1209	religioso	adj	A2
1210	requisito	n	A2
1211	estremo	adj	A2
1212	dottore	n	A2
1213	secondo	n	A2
1214	squadra	n	A2
1215	organismo	n	A2
1216	madre	n	A2
1217	acquisto	n	A2
1218	promozione	n	A2
1219	cambiamento	n	A2
1220	conservare	v	A2
1221	autorizzare	v	A2
1222	epoca	n	A2
1223	strategia	n	A2
1224	materiale	adj	A2
1225	lungo	prep	A2
1226	popolare	adj	A2
1227	teatro	n	A2
1228	supporto	n	A2
1229	uscita	n	A2
1230	agire	v	A2
1231	programmazione	n	A2
1232	genitore	n	A2
1233	elettronico	adj	A2
1234	originale	adj	A2
1235	vantaggio	n	A2
1236	patrimonio	n	A2
1237	documentazione	n	A2
1238	davanti	adv	A2
1239	Francia	np	A2
1240	male	n	A2
1241	nascondere	v	A2
1242	tentativo	n	A2
1243	effettivo	adj	A2
1244	miliardo	n	A2
1245	coordinamento	n	A2
1246	italiano	n	A2
1247	raccolta	n	A2
1248	elezione	n	A2
1249	laboratorio	n	A2
1250	conseguire	v	A2
1251	cosiddetto	adj	A2
1252	classico	adj	A2
1253	pezzo	n	A2
1254	massimo	n	A2
1255	legale	adj	A2
1256	individuale	adj	A2
1257	collettivo	adj	A2
1258	identità	n	A2
1259	notevole	adj	A2
1260	creazione	n	A2
1261	pena	n	A2
1262	conflitto	n	A2
1263	giornale	n	A2
1264	imparare	v	A2
1265	difendere	v	A2
1266	stile	n	A2
1267	nuovo	n	A2
1268	intorno	prep	A2
1269	spingere	v	A2
1270	sogno	n	A2
1271	francese	adj	A2
1272	colpo	n	A2
1273	segretario	n	A2
1274	investimento	n	A2
1275	aggiornamento	n	A2
1276	vittima	n	A2
1277	svolgimento	n	A2
1278	convenzione	n	A2
1279	procedimento	n	A2
1280	favorevole	adj	A2
1281	tipico	adj	A2
1282	sicuro	adj	A2
1283	distribuzione	n	A2
1284	manifestare	v	A2
1285	nazione	n	A2
1286	Napoli	np	A2
1287	acquisire	v	A2
1288	esecuzione	n	A2
1289	altrimenti	adv	A2
1290	immediatamente	adv	A2
1291	fratello	n	A2
1292	coprire	v	A2
1293	industria	n	A2
1294	futuro	adj	A2
1295	rosso	adj	A2
1296	attivare	v	A2
1297	qualunque	adj	A2
1298	immaginare	v	A2
1299	richiamare	v	A2
1300	cattivo	adj	A2
1301	diffusione	n	A2
1302	prestare	v	A2
1303	assemblea	n	A2
1304	dividere	v	A2
1305	novità	n	A2
1306	venerdì	n	A2
1307	votare	v	A2
1308	abbandonare	v	A2
1309	insieme	n	A2
1310	rilasciare	v	A2
1311	trarre	v	A2
1312	normativo	adj	A2
1313	peso	n	A2
1314	mangiare	v	A2
1315	riunione	n	A2
1316	presidenza	n	A2
1317	dipartimento	n	A2
1318	autorizzazione	n	A2
1319	intesa	n	A2
1320	tecnologico	adj	A2
1321	attacco	n	A2
1322	serio	adj	A2
1323	povero	adj	A2
1324	permanente	adj	A2
1325	fondare	v	A2
1326	osservazione	n	A2
1327	intanto	adv	A2
1328	vigente	adj	A2
1329	docente	n	A2
1330	discutere	v	A2
1331	neanche	adv	A2
1332	perciò	conj	A2
1333	organizzativo	adj	A2
1334	dentro	adv	A2
1335	desiderare	v	A2
1336	riunire	v	A2
1337	didattico	adj	A2
1338	ministero	n	A2
1339	correggere	v	A2
1340	mattina	n	A2
1341	avviso	n	A2
1342	trasferire	v	A2
1343	copia	n	A2
1344	sportivo	adj	A2
1345	animale	n	A2
1346	impiego	n	A2
1347	generale	n	A2
1348	quotidiano	adj	A2
1349	dipendere	v	A2
1350	dipendente	n	A2
1351	eliminare	v	A2
1352	interpretare	v	A2
1353	contrario	adj	A2
1354	possesso	n	A2
1355	ciascuno	pron	A2
1356	pericolo	n	A2
1357	ragazza	n	A2
1358	costituzionale	adj	A2
1359	signore	n	A2
1360	significato	n	A2
1361	pericoloso	adj	A2
1362	artistico	adj	A2
1363	sentenza	n	A2
1364	associare	v	A2
1365	quantità	n	A2
1366	avvicinare	v	A2
1367	cinema	n	A2
1368	terreno	n	A2
1369	firmare	v	A2
1370	dotare	v	A2
1371	iscrizione	n	A2
1372	collega	n	A2
1373	puntare	v	A2
1374	inutile	adj	A2
1375	soldo	n	A2
1376	insegnare	v	A2
1377	tirare	v	A2
1378	chiave	n	A2
1379	anima	n	A2
1380	informativo	adj	A2
1381	festa	n	A2
1382	computer	n	A2
1383	recupero	n	A2
1384	domani	adv	A2
1385	credito	n	A2
1386	illustrare	v	A2
1387	attuare	v	A2
1388	fattore	n	A2
1389	frutto	n	A2
1390	scambio	n	A2
1391	fede	n	A2
1392	rilevante	adj	A2
1393	seduta	n	A2
1394	opposizione	n	A2
1395	finanza	n	A2
1396	conseguente	adj	A2
1397	coscienza	n	A2
1398	appello	n	A2
1399	evoluzione	n	A2
1400	musicale	adj	A2
1401	tratto	n	A2
1402	informatico	adj	A2
1403	giornalista	n	A2
1404	arrivo	n	A2
1405	cielo	n	A2
1406	estate	n	A2
1407	annuale	adj	A2
1408	ognuno	pron	A2
1409	strano	adj	A2
1410	giunta	n	A2
1411	consigliare	v	A2
1412	esaminare	v	A2
1413	rivista	n	A2
1414	interpretazione	n	A2
1415	trasferimento	n	A2
1416	violenza	n	A2
1417	statale	adj	A2
1418	includere	v	A2
1419	determinazione	n	A2
1420	enorme	adj	A2
1421	impossibile	adj	A2
1422	America	np	A2
1423	somma	n	A2
1424	critica	n	A2
1425	Venezia	np	A2
1426	educazione	n	A2
1427	democratico	adj	A2
1428	riflettere	v	A2
1429	linguaggio	n	A2
1430	responsabile	adj	A2
1431	sbagliare	v	A2
1432	auto	n	A2
1433	contrario	n	A2
1434	estero	adj	A2
1435	artista	n	A2
1436	problematico	adj	A2
1437	nascita	n	A2
1438	isola	n	A2
1439	occupazione	n	A2
1440	concerto	n	A2
1441	introduzione	n	A2
1442	universitario	adj	A2
1443	firma	n	A2
1444	mostra	n	A2
1445	comprare	v	A2
1446	partita	n	A2
1447	rifiuto	n	A2
1448	indispensabile	adj	A2
1449	ricorrere	v	A2
1450	tedesco	adj	A2
1451	battaglia	n	A2
1452	giudicare	v	A2
1453	familiare	adj	A2
1454	integrare	v	A2
1455	lunedì	n	A2
1456	compagnia	n	A2
1457	dettaglio	n	A2
1458	godere	v	A2
1459	democrazia	n	A2
1460	innovazione	n	A2
1461	critico	adj	A2
1462	meccanismo	n	A2
1463	affinché	conj	A2
1464	dialogo	n	A2
1465	solidarietà	n	A2
1466	terzo	n	A2
1467	massa	n	A2
1468	generazione	n	A2
1469	combattere	v	A2
1470	convegno	n	A2
1471	tribunale	n	A2
1472	assessore	n	A2
1473	migliaio	n	A2
1474	trasformazione	n	A2
1475	gratuito	adj	A2
1476	costante	adj	A2
1477	appuntamento	n	A2
1478	completare	v	A2
1479	attento	adj	A2
1480	passione	n	A2
1481	soddisfare	v	A2
1482	investire	v	A2
1483	spettare	v	A2
1484	denunciare	v	A2
1485	rilievo	n	A2
1486	fortuna	n	A2
1487	terminare	v	A2
1488	consumo	n	A2
1489	ringraziare	v	A2
1490	distribuire	v	A2
1491	battere	v	A2
1492	chiunque	pron	A2
1493	orario	n	A2
1494	capitolo	n	A2
1495	romano	adj	A2
1496	trasmissione	n	A2
1497	davanti	prep	A2
1498	partenza	n	A2
1499	urbano	adj	A2
1500	ordinamento	n	A2
1501	collegamento	n	A2
1502	ritornare	v	A2
1503	collocare	v	A2
1504	esito	n	A2
1505	distinguere	v	A2
1506	attore	n	A2
1507	assai	adv	A2
1508	solito	n	A2
1509	fiscale	adj	A2
1510	insegnante	n	A2
1511	differente	adj	A2
1512	sangue	n	A2
1513	elaborare	v	A2
1514	tecnico	n	A2
1515	consistere	v	A2
1516	essere	n	A2
1517	accedere	v	A2
1518	neppure	adv	A2
1519	direttiva	n	A2
1520	desiderio	n	A2
1521	perfetto	adj	A2
1522	lezione	n	A2
1523	efficacia	n	A2
1524	nominare	v	A2
1525	parco	n	A2
1526	avvertire	v	A2
1527	funzionamento	n	A2
1528	cliente	n	A2
1529	vasto	adj	A2
1530	Germania	np	A2
1531	schema	n	A2
1532	cogliere	v	A2
1533	verde	adj	A2
1534	analogo	adj	A2
1535	giustificare	v	A2
1536	complesso	n	A2
1537	orientamento	n	A2
1538	missione	n	A2
1539	fiducia	n	A2
1540	intenzione	n	A2
1541	scadenza	n	A2
1542	posta	n	A2
1543	logica	n	A2
1544	elettorale	adj	A2
1545	doppio	adj	A2
1546	identificare	v	A2
1547	contemporaneo	adj	A2
1548	leggero	adj	A2
1549	integrato	adj	A2
1550	preoccupare	v	A2
1551	idoneo	adj	A2
1552	chiuso	adj	A2
1553	obbligatorio	adj	A2
1554	modificazione	n	A2
1555	sforzo	n	A2
1556	eccezione	n	A2
1557	onda	n	A2
1558	titolare	n	A2
1559	predisporre	v	A2
1560	scala	n	A2
1561	felice	adj	A2
1562	motivazione	n	A2
1563	agricolo	adj	A2
1564	lettore	n	A2
1565	recuperare	v	A2
1566	moglie	n	A2
1567	silenzio	n	A2
1568	intervista	n	A2
1569	sfida	n	A2
1570	fascia	n	A2
1571	sorgere	v	A2
1572	atteggiamento	n	A2
1573	bravo	adj	A2
1574	forum	n	A2
1575	confine	n	A2
1576	insegnamento	n	A2
1577	accanto	adv	A2
1578	adozione	n	A2
1579	eppure	adv	A2
1580	indice	n	A2
1581	copertura	n	A2
1582	fermo	adj	A2
1583	piacere	n	A2
1584	penale	adj	A2
1585	puro	adj	A2
1586	sette	num	A2
1587	edificio	n	A2
1588	entrambi	adj	A2
1589	ospedale	n	A2
1590	stretto	adj	A2
1591	consegnare	v	A2
1592	caldo	adj	A2
1593	teoria	n	A2
1594	analizzare	v	A2
1595	scheda	n	A2
1596	sindacale	adj	A2
1597	giovedì	n	A2
1598	leader	n	A2
1599	iniziale	adj	A2
1600	episodio	n	A2
1601	sotto	adv	A2
1602	spostare	v	A2
1603	prevenzione	n	A2
1604	carica	n	A2
1605	faccia	n	A2
1606	perdita	n	A2
1607	preparazione	n	A2
1608	incarico	n	A2
1609	quarto	adj	A2
1610	rapido	adj	A2
1611	pomeriggio	n	A2
1612	consumatore	n	A2
1613	connesso	adj	A2
1614	pesante	adj	A2
1615	tel.	abb	A2
1616	morale	adj	A2
1617	pratico	adj	A2
1618	uguale	adj	A2
1619	facilmente	adv	A2
1620	sanità	n	A2
1621	accertare	v	A2
1622	negare	v	A2
1623	impiegare	v	A2
1624	canale	n	A2
1625	concessione	n	A2
1626	muro	n	A2
1627	ciclo	n	A2
1628	software	n	A2
1629	suddetto	adj	A2
1630	ordinare	v	A2
1631	dolore	n	A2
1632	rifiutare	v	A2
1633	visitare	v	A2
1634	spalla	n	A2
1635	commentare	v	A2
1636	freddo	adj	A2
1637	compagno	n	A2
1638	elettrico	adj	A2
1639	suggerire	v	A2
1640	liberare	v	A2
1641	globale	adj	A2
1642	totale	n	A2
1643	tendenza	n	A2
1644	velocità	n	A2
1645	serata	n	A2
1646	chiarire	v	A2
1647	colpa	n	A2
1648	racconto	n	A2
1649	impatto	n	A2
1650	frequentare	v	A2
1651	costare	v	A2
1652	equilibrio	n	A2
1653	meritare	v	A2
1654	miglioramento	n	A2
1655	relativamente	adv	A2
1656	concordare	v	A2
1657	parlamentare	adj	A2
1658	traffico	n	A2
1659	vittoria	n	A2
1660	distruggere	v	A2
1661	giudiziario	adj	A2
1662	centinaio	n	A2
1663	violazione	n	A2
1664	indietro	adv	A2
1665	capitare	v	A2
1666	motore	n	A2
1667	socio	n	A2
1668	voglia	n	A2
1669	ispirare	v	A2
1670	femminile	adj	A2
1671	scusare	v	A2
1672	rispettivo	adj	A2
1673	eventualmente	adv	A2
1674	occidentale	adj	A2
1675	finanziare	v	A2
1676	monte	n	A2
1677	sguardo	n	A2
1678	consenso	n	A2
1679	senato	n	A2
1680	museo	n	A2
1681	formulare	v	A2
1682	volto	n	A2
1683	calcio	n	A2
1684	assunzione	n	A2
1685	entrambi	pron	A2
1686	fila	n	A2
1687	bloccare	v	A2
1688	sedere	v	A2
1689	sindacato	n	A2
1690	generare	v	A2
1691	link	n	A2
1692	effettivamente	adv	A2
1693	alzare	v	A2
1694	inserimento	n	A2
1695	lavorativo	adj	A2
1696	fax	n	A2
1697	statuto	n	A2
1698	abitante	n	A2
1699	tesi	n	A2
1700	apprezzare	v	A2
1701	rinnovare	v	A2
1702	aziendale	adj	A2
1703	cristiano	adj	A2
1704	attraversare	v	A2
1705	candidato	n	A2
1706	sicuro	adv	A2
1707	scarso	adj	A2
1708	deputato	n	A2
1709	carriera	n	A2
1710	rispettivamente	adv	A2
1711	beneficio	n	A2
1712	funzionale	adj	A2
1713	tradurre	v	A2
1714	riserva	n	A2
1715	importo	n	A2
1716	traccia	n	A2
1717	coordinare	v	A2
1718	coppia	n	A2
1719	reddito	n	A2
1720	durare	v	A2
1721	chiusura	n	A2
1722	televisivo	adj	A2
1723	mille	num	A2
1724	martedì	n	A2
1725	fondazione	n	A2
1726	finora	adv	A2
1727	presa	n	A2
1728	campione	n	A2
1729	ritardo	n	A2
1730	invito	n	A2
1731	sentimento	n	A2
1732	filosofia	n	A2
1733	frase	n	A2
1734	avvocato	n	A2
1735	sospendere	v	A2
1736	concentrare	v	A2
1737	alternativo	adj	A2
1738	mercoledì	n	A2
1739	emergenza	n	A2
1740	religione	n	A2
1741	strategico	adj	A2
1742	rappresentanza	n	A2
1743	contrasto	n	A2
1744	testimonianza	n	A2
1745	selezione	n	A2
1746	parziale	adj	A2
1747	risalire	v	A2
1748	aggiornare	v	A2
1749	sottoscrivere	v	A2
1750	cooperazione	n	A2
1751	stazione	n	A2
1752	potenza	n	A2
1753	primario	adj	A2
1754	rinunciare	v	A2
1755	regolare	v	A2
1756	superficie	n	A2
1757	collaborare	v	A2
1758	emanare	v	A2
1759	dolce	adj	A2
1760	sala	n	A2
1761	pervenire	v	A2
1762	comando	n	A2
1763	approccio	n	A2
1764	imposta	n	A2
1765	decina	n	A2
1766	segnale	n	A2
1767	descrizione	n	A2
1768	innovativo	adj	A2
1769	causare	v	A2
1770	elementare	adj	A2
1771	pressione	n	A2
1772	prezioso	adj	A2
1773	ricordo	n	A2
1774	disco	n	A2
1775	intenso	adj	A2
1776	elaborazione	n	A2
1777	individuo	n	A2
1778	cifra	n	A2
1779	approfondimento	n	A2
1780	telefono	n	A2
1781	scaricare	v	A2
1782	largo	adj	A2
1783	affermazione	n	A2
1784	cambio	n	A2
1785	chiaramente	adv	A2
1786	biblioteca	n	A2
1787	vino	n	A2
1788	circostanza	n	A2
1789	stipulare	v	A2
1790	vacanza	n	A2
1791	agente	n	A2
1792	mirare	v	A2
1793	confrontare	v	A2
1794	percentuale	n	A2
1795	redazione	n	A2
1796	approfondire	v	A2
1797	veloce	adj	A2
1798	attaccare	v	A2
1799	debole	adj	A2
1800	ricercatore	n	A2
1801	suonare	v	A2
1802	armato	adj	A2
1803	praticamente	adv	A2
1804	maestro	n	A2
1805	variazione	n	A2
1806	medicina	n	A2
1807	archivio	n	A2
1808	ripresa	n	A2
1809	indurre	v	A2
1810	versare	v	A2
1811	proteggere	v	A2
1812	soffrire	v	A2
1813	allegato	n	A2
1814	professionista	n	A2
1815	altrettanto	adv	A2
1816	paio	n	A2
1817	aderire	v	A2
1818	esclusione	n	A2
1819	incidente	n	A2
1820	importare	v	A2
1821	Genova	np	A2
1822	individuazione	n	A2
1823	alternativa	n	A2
1824	simbolo	n	A2
1825	località	n	A2
1826	risoluzione	n	A2
1827	braccio	n	A2
1828	temere	v	A2
1829	sanzione	n	A2
1830	laurea	n	A2
1831	turistico	adj	A2
1832	sport	n	A2
1833	legislazione	n	A2
1834	video	n	A2
1835	canzone	n	A2
1836	fortemente	adv	A2
1837	specializzato	adj	A2
1838	patto	n	A2
1839	porto	n	A2
1840	tasso	n	A2
1841	bocca	n	A2
1842	reazione	n	A2
1843	otto	num	A2
1844	vietare	v	A2
1845	tabella	n	A2
1846	concedere	v	A2
1847	stella	n	A2
1848	oro	n	A2
1849	incidere	v	A2
1850	esistente	adj	A2
1851	sfruttare	v	A2
1852	gusto	n	A2
1853	aula	n	A2
1854	esposizione	n	A2
1855	istanza	n	A2
1856	montagna	n	A2
1857	esattamente	adv	A2
1858	letteratura	n	A2
1859	conquistare	v	A2
1860	sintesi	n	A2
1861	dettare	v	A2
1862	composizione	n	A2
1863	persino	adv	A2
1864	amministratore	n	A2
1865	potente	adj	A2
1866	regista	n	A2
1867	clima	n	A2
1868	modulo	n	A2
1869	corrispondente	adj	A2
1870	accertamento	n	A2
1871	conferire	v	A2
1872	tagliare	v	A2
1873	tavolo	n	A2
1874	pubblicità	n	A2
1875	nomina	n	A2
1876	ombra	n	A2
1877	cancellare	v	A2
1878	indipendente	adj	A2
1879	rafforzare	v	A2
1880	acquisizione	n	A2
1881	quartiere	n	A2
1882	stanza	n	A2
1883	preventivo	adj	A2
1884	avvio	n	A2
1885	nucleo	n	A2
1886	reato	n	A2
1887	bellezza	n	A2
1888	filo	n	A2
1889	bando	n	A2
1890	parametro	n	A2
1891	interessato	n	A2
1892	ritirare	v	A2
1893	decennio	n	A2
1894	alimentare	adj	A2
1895	vertice	n	A2
1896	canto	n	A2
1897	spendere	v	A2
1898	agricoltura	n	A2
1899	protocollo	n	A2
1900	borsa	n	A2
1901	trenta	num	A2
1902	delicato	adj	A2
1903	volgere	v	A2
1904	calcolare	v	A2
1905	turismo	n	A2
1906	professione	n	A2
1907	educativo	adj	A2
1908	estremamente	adv	A2
1909	fiume	n	A2
1910	perseguire	v	A2
1911	coraggio	n	A2
1912	arco	n	A2
1913	corsa	n	A2
1914	infrastruttura	n	A2
1915	figlia	n	A2
1916	scoperta	n	A2
1917	recentemente	adv	A2
1918	progettazione	n	A2
1919	emettere	v	A2
1920	guardia	n	A2
1921	affatto	adv	A2
1922	relatore	n	A2
1923	dentro	prep	A2
1924	accusa	n	A2
1925	editore	n	A2
1926	cattolico	adj	A2
1927	trascorrere	v	A2
1928	messa	n	A2
1929	ideale	adj	A2
1930	sollevare	v	A2
1931	cassa	n	A2
1932	emozione	n	A2
1933	scontro	n	A2
1934	formale	adj	A2
1935	condannare	v	A2
1936	tensione	n	A2
1937	tranquillo	adj	A2
1938	produttore	n	A2
1939	privare	v	A2
1940	consapevole	adj	A2
1941	medico	adj	A2
1942	finestra	n	A2
1943	brutto	adj	A2
1944	predetto	adj	A2
1945	eleggere	v	A2
1946	percepire	v	A2
1947	poesia	n	A2
1948	sensazione	n	A2
1949	secondario	adj	A2
1950	comparire	v	A2
1951	personalità	n	A2
1952	frequenza	n	A2
1953	esclusivo	adj	A2
1954	urgente	adj	A2
1955	ridere	v	A2
1956	Usa	np	A2
1957	pronunciare	v	A2
1958	personalmente	adv	A2
1959	suono	n	A2
1960	ritmo	n	A2
1961	rimettere	v	A2
1962	certezza	n	A2
1963	promettere	v	A2
1964	televisione	n	A2
1965	saltare	v	A2
1966	consapevolezza	n	A2
1967	preoccupazione	n	A2
1968	cantare	v	A2
1969	umanità	n	A2
1970	carne	n	A2
1971	km	abb	A2
1972	esercito	n	A2
1973	pelle	n	A2
1974	delibera	n	A2
1975	concorrere	v	A2
1976	ossia	conj	A2
1977	atmosfera	n	A2
1978	allegare	v	A2
1979	tavola	n	A2
1980	negozio	n	A2
1981	vabbè	int	A2
1982	pollo	n	A2
1983	perché	adv	A2
1984	svalutazione	n	A2
1985	come se	conj	A2
1986	ribasso	n	A2
1987	sigaro	n	A2
1988	croato	adj	A2
1989	in base a	prep	A2
1990	intorno a	prep	A2
1991	basta	int	A2
1992	listino	n	A2
1993	rialzo	n	A2
1994	pure	adv	A2
1995	tuttavia	conj	A2
1996	a causa di	prep	A2
1997	attorno a	prep	A2
1998	bene	int	A2
1999	in grado di	prep	A2
2000	insieme a	prep	A2
2001	oggi	n	A2
2002	piastrella	n	A2
2003	su	adv	A2
2004	profugo	n	A2
2005	ricavo	n	A2
2006	vicino a	prep	A2
2007	Zaire	np	A2
2008	babbo	n	A2
2009	fata	n	A2
2010	pentito	n	A2
2011	per quanto riguarda	prep	A2
2012	poco	n	A2
2013	azionario	adj	A2
2014	dividendo	n	A2
2015	insomma	int	A2
2016	all'interno di	prep	A2
2017	fuori da	prep	A2
2018	investitore	n	A2
2019	ne	adv	A2
2020	barzelletta	n	A2
2021	Pechino	np	A2
2022	piccino	adj	A2
2023	quale	adj	A2
2024	quotazione	n	A2
2025	Zagabria	np	A2
2026	eppure	conj	A2
2027	oddio	int	A2
2028	voi	n	A2
2029	flessione	n	A2
2030	fragola	n	A2
2031	Gran Bretagna	np	A2
2032	maiale	n	A2
2033	Bruxelles	np	A2
2034	industriale	n	A2
2035	interrogatorio	n	A2
2036	nel frattempo	adv	A2
2037	pignoramento	n	A2
2038	Ruanda	np	A2
2039	separatamente	adv	A2
2040	al di là di	prep	A2
2041	armare	v	A2
2042	casco	n	A2
2043	che	pron	A2
2044	Croazia	np	A2
2045	maratona	n	A2
2046	raggruppamento	n	A2
2047	specializzare	v	A2
2048	svedese	adj	A2
2049	bagnino	n	A2
2050	bandito	n	A2
2051	innanzitutto	adv	B1
2052	minimo	n	B1
2053	strutturale	adj	B1
2054	decisamente	adv	B1
2055	disagio	n	B1
2056	indirizzare	v	B1
2057	splendido	adj	B1
2058	privo	adj	B1
2059	consultazione	n	B1
2060	orientare	v	B1
2061	maggiormente	adv	B1
2062	fianco	n	B1
2063	radice	n	B1
2064	programmare	v	B1
2065	dollaro	n	B1
2066	allontanare	v	B1
2067	guadagnare	v	B1
2068	registro	n	B1
2069	scrittura	n	B1
2070	netto	adj	B1
2071	sposare	v	B1
2072	adesione	n	B1
2073	denaro	n	B1
2074	pensione	n	B1
2075	gesto	n	B1
2076	raro	adj	B1
2077	valorizzare	v	B1
2078	vincolo	n	B1
2079	vento	n	B1
2080	troppo	adj	B1
2081	sorpresa	n	B1
2082	adulto	adj	B1
2083	specificare	v	B1
2084	segreteria	n	B1
2085	ignorare	v	B1
2086	calcolo	n	B1
2087	abitare	v	B1
2088	originario	adj	B1
2089	Toscana	np	B1
2090	legame	n	B1
2091	conferma	n	B1
2092	redigere	v	B1
2093	volo	n	B1
2094	altezza	n	B1
2095	uno	pron	B1
2096	Spagna	np	B1
2097	tesoro	n	B1
2098	revisione	n	B1
2099	mamma	n	B1
2100	pregare	v	B1
2101	percorrere	v	B1
2102	fatica	n	B1
2103	civiltà	n	B1
2104	registrazione	n	B1
2105	angolo	n	B1
2106	formula	n	B1
2107	appartenenza	n	B1
2108	destinazione	n	B1
2109	tardi	adv	B1
2110	scrittore	n	B1
2111	assieme	adv	B1
2112	regolare	adj	B1
2113	respingere	v	B1
2114	Parigi	np	B1
2115	fotografia	n	B1
2116	precedere	v	B1
2117	corretto	adj	B1
2118	rompere	v	B1
2119	separare	v	B1
2120	progettare	v	B1
2121	polemica	n	B1
2122	concorrenza	n	B1
2123	perfettamente	adv	B1
2124	dignità	n	B1
2125	temporaneo	adj	B1
2126	priorità	n	B1
2127	maturare	v	B1
2128	onore	n	B1
2129	indicato	adj	B1
2130	segreto	adj	B1
2131	salutare	v	B1
2132	delegare	v	B1
2133	premessa	n	B1
2134	papa	n	B1
2135	destino	n	B1
2136	rinviare	v	B1
2137	pietra	n	B1
2138	unitario	adj	B1
2139	restituire	v	B1
2140	mobile	adj	B1
2141	chimico	adj	B1
2142	cd	abb	B1
2143	cibo	n	B1
2144	digitale	adj	B1
2145	scomparire	v	B1
2146	opporre	v	B1
2147	amico	adj	B1
2148	supportare	v	B1
2149	nemico	n	B1
2150	locale	n	B1
2151	bere	v	B1
2152	taglio	n	B1
2153	situare	v	B1
2154	consultare	v	B1
2155	Sicilia	np	B1
2156	blocco	n	B1
2157	commettere	v	B1
2158	apportare	v	B1
2159	consulenza	n	B1
2160	cavallo	n	B1
2161	scenario	n	B1
2162	FALSO	adj	B1
2163	solamente	adv	B1
2164	cedere	v	B1
2165	qua	adv	B1
2166	aggiuntivo	adj	B1
2167	divieto	n	B1
2168	dopo	conj	B1
2169	praticare	v	B1
2170	sostanziale	adj	B1
2171	avventura	n	B1
2172	ministeriale	adj	B1
2173	gioia	n	B1
2174	imprenditore	n	B1
2175	moda	n	B1
2176	online	adj	B1
2177	necessariamente	adv	B1
2178	pesce	n	B1
2179	pianeta	n	B1
2180	intraprendere	v	B1
2181	giocatore	n	B1
2182	accusare	v	B1
2183	visibile	adj	B1
2184	evidenza	n	B1
2185	divisione	n	B1
2186	fresco	adj	B1
2187	resistenza	n	B1
2188	condanna	n	B1
2189	terrorismo	n	B1
2190	sesso	n	B1
2191	continuità	n	B1
2192	contemporaneamente	adv	B1
2193	mobilità	n	B1
2194	flusso	n	B1
2195	soggetto	adj	B1
2196	congresso	n	B1
2197	test	n	B1
2198	olio	n	B1
2199	dormire	v	B1
2200	infanzia	n	B1
2201	ricchezza	n	B1
2202	portata	n	B1
2203	denominare	v	B1
2204	biologico	adj	B1
2205	adattare	v	B1
2206	smettere	v	B1
2207	buttare	v	B1
2208	giardino	n	B1
2209	cliccare	v	B1
2210	eccezionale	adj	B1
2211	sostanzialmente	adv	B1
2212	attestare	v	B1
2213	valorizzazione	n	B1
2214	adatto	adj	B1
2215	dipendente	adj	B1
2216	diminuire	v	B1
2217	soggiorno	n	B1
2218	tono	n	B1
2219	soddisfazione	n	B1
2220	interrompere	v	B1
2221	Londra	np	B1
2222	alimentare	v	B1
2223	permesso	n	B1
2224	cammino	n	B1
2225	Lombardia	np	B1
2226	gettare	v	B1
2227	evidentemente	adv	B1
2228	passato	adj	B1
2229	sospensione	n	B1
2230	albero	n	B1
2231	convenire	v	B1
2232	protesta	n	B1
2233	collegio	n	B1
2234	disciplinare	v	B1
2235	moto	n	B1
2236	eccessivo	adj	B1
2237	nuovamente	adv	B1
2238	grafico	adj	B1
2239	totalmente	adv	B1
2240	obbligare	v	B1
2241	divertire	v	B1
2242	legittimo	adj	B1
2243	regalare	v	B1
2244	partecipante	n	B1
2245	sfuggire	v	B1
2246	efficienza	n	B1
2247	romanzo	n	B1
2248	cucina	n	B1
2249	monitoraggio	n	B1
2250	cane	n	B1
2251	Africa	np	B1
2252	drammatico	adj	B1
2253	circondare	v	B1
2254	circolazione	n	B1
2255	suscitare	v	B1
2256	conservazione	n	B1
2257	disciplinare	adj	B1
2258	funzionario	n	B1
2259	violento	adj	B1
2260	chilometro	n	B1
2261	insistere	v	B1
2262	celebrare	v	B1
2263	fiore	n	B1
2264	tv	abb	B1
2265	progresso	n	B1
2266	intento	n	B1
2267	solito	adj	B1
2268	traduzione	n	B1
2269	adeguare	v	B1
2270	organico	adj	B1
2271	brano	n	B1
2272	allegato	adj	B1
2273	assegnazione	n	B1
2274	viaggiare	v	B1
2275	senatore	n	B1
2276	vuoto	n	B1
2277	ulteriormente	adv	B1
2278	estensione	n	B1
2279	anticipare	v	B1
2280	attorno	adv	B1
2281	letto	n	B1
2282	ottimo	adj	B1
2283	andamento	n	B1
2284	selezionare	v	B1
2285	autentico	adj	B1
2286	contro	adv	B1
2287	contattare	v	B1
2288	dominare	v	B1
2289	tematica	n	B1
2290	contrattuale	adj	B1
2291	collaboratore	n	B1
2292	convocare	v	B1
2293	paziente	n	B1
2294	turno	n	B1
2295	telefonico	adj	B1
2296	articolare	v	B1
2297	tassa	n	B1
2298	gas	n	B1
2299	vigilanza	n	B1
2300	talvolta	adv	B1
2301	opzione	n	B1
2302	sperimentare	v	B1
2303	virtù	n	B1
2304	universale	adj	B1
2305	finale	n	B1
2306	commissario	n	B1
2307	stimolare	v	B1
2308	sensibile	adj	B1
2309	corrente	n	B1
2310	molto	adj	B1
2311	residenza	n	B1
2312	sperimentale	adj	B1
2313	bordo	n	B1
2314	crescente	adj	B1
2315	ricostruzione	n	B1
2316	ripartire	v	B1
2317	ponte	n	B1
2318	adempimento	n	B1
2319	difetto	n	B1
2320	rilascio	n	B1
2321	pienamente	adv	B1
2322	legno	n	B1
2323	Palermo	np	B1
2324	standard	adj	B1
2325	sano	adj	B1
2326	emendamento	n	B1
2327	diffuso	adj	B1
2328	calendario	n	B1
2329	corrente	adj	B1
2330	entità	n	B1
2331	federazione	n	B1
2332	soldato	n	B1
2333	riscontrare	v	B1
2334	allargare	v	B1
2335	certificazione	n	B1
2336	chissà	adv	B1
2337	minaccia	n	B1
2338	esterno	n	B1
2339	anziano	n	B1
2340	mandato	n	B1
2341	facilitare	v	B1
2342	coerente	adj	B1
2343	straniero	n	B1
2344	letterario	adj	B1
2345	incredibile	adj	B1
2346	radicale	adj	B1
2347	trattato	n	B1
2348	psicologico	adj	B1
2349	privato	n	B1
2350	bensì	conj	B1
2351	mentale	adj	B1
2352	inerente	adj	B1
2353	piangere	v	B1
2354	augurare	v	B1
2355	consistente	adj	B1
2356	testimoniare	v	B1
2357	proprietario	n	B1
2358	universo	adj	B1
2359	presupposto	n	B1
2360	colonna	n	B1
2361	pretendere	v	B1
2362	campionato	n	B1
2363	stradale	adj	B1
2364	Lazio	np	B1
2365	denuncia	n	B1
2366	sottrarre	v	B1
2367	risparmio	n	B1
2368	impressione	n	B1
2369	formato	n	B1
2370	appoggiare	v	B1
2371	bar	n	B1
2372	governare	v	B1
2373	cittadinanza	n	B1
2374	opposto	adj	B1
2375	rassegna	n	B1
2376	circolare	n	B1
2377	polo	n	B1
2378	convinzione	n	B1
2379	ristorante	n	B1
2380	contrastare	v	B1
2381	ulivo	n	B1
2382	verso	n	B1
2383	chiarezza	n	B1
2384	strettamente	adv	B1
2385	stabile	adj	B1
2386	frequente	adj	B1
2387	villaggio	n	B1
2388	conformità	n	B1
2389	carabiniere	n	B1
2390	architettura	n	B1
2391	automatico	adj	B1
2392	mistero	n	B1
2393	ricostruire	v	B1
2394	giovanile	adj	B1
2395	progressivo	adj	B1
2396	zero	num	B1
2397	rilevanza	n	B1
2398	abitazione	n	B1
2399	specialmente	adv	B1
2400	specie	adv	B1
2401	decisivo	adj	B1
2402	giù	adv	B1
2403	estivo	adj	B1
2404	Veneto	np	B1
2405	connessione	n	B1
2406	incaricare	v	B1
2407	arrestare	v	B1
2408	fondamento	n	B1
2409	interamente	adv	B1
2410	marito	n	B1
2411	rivedere	v	B1
2412	caccia	n	B1
2413	radio	n	B1
2414	apprendere	v	B1
2415	debito	n	B1
2416	cessare	v	B1
2417	misurare	v	B1
2418	infinito	adj	B1
2419	definitivamente	adv	B1
2420	sofferenza	n	B1
2421	pianta	n	B1
2422	precedenza	n	B1
2423	matrimonio	n	B1
2424	manutenzione	n	B1
2425	salvo	adj	B1
2426	rivoluzione	n	B1
2427	etico	adj	B1
2428	consegna	n	B1
2429	tappa	n	B1
2430	iscritto	n	B1
2431	sollecitare	v	B1
2432	pc	abb	B1
2433	ricoprire	v	B1
2434	sostituzione	n	B1
2435	urgenza	n	B1
2436	rappresentazione	n	B1
2437	distinto	adj	B1
2438	affiancare	v	B1
2439	comunista	adj	B1
2440	preliminare	adj	B1
2441	singolo	n	B1
2442	benissimo	adv	B1
2443	albergo	n	B1
2444	arricchire	v	B1
2445	ostacolo	n	B1
2446	inventare	v	B1
2447	stima	n	B1
2448	mattino	n	B1
2449	Padova	np	B1
2450	disegnare	v	B1
2451	principalmente	adv	B1
2452	carcere	n	B1
2453	quotidiano	n	B1
2454	donare	v	B1
2455	minacciare	v	B1
2456	elencare	v	B1
2457	amicizia	n	B1
2458	punta	n	B1
2459	camminare	v	B1
2460	assicurazione	n	B1
2461	riga	n	B1
2462	consumare	v	B1
2463	accoglienza	n	B1
2464	catena	n	B1
2465	paesaggio	n	B1
2466	schermo	n	B1
2467	figurare	v	B1
2468	consorzio	n	B1
2469	aspettativa	n	B1
2470	sensibilità	n	B1
2471	margine	n	B1
2472	sognare	v	B1
2473	treno	n	B1
2474	veicolo	n	B1
2475	protetto	adj	B1
2476	spiegazione	n	B1
2477	temporale	adj	B1
2478	domandare	v	B1
2479	coinvolgimento	n	B1
2480	quindici	num	B1
2481	partner	n	B1
2482	classifica	n	B1
2483	richiamo	n	B1
2484	riservato	adj	B1
2485	banda	n	B1
2486	validità	n	B1
2487	virtuale	adj	B1
2488	comunicato	n	B1
2489	lamentare	v	B1
2490	frontiera	n	B1
2491	profondamente	adv	B1
2492	attrezzatura	n	B1
2493	presiedere	v	B1
2494	spirituale	adj	B1
2495	tessuto	n	B1
2496	dietro	prep	B1
2497	circolo	n	B1
2498	fantasia	n	B1
2499	gamba	n	B1
2500	lega	n	B1
2501	ottica	n	B1
2502	deposito	n	B1
2503	fuga	n	B1
2504	caduta	n	B1
2505	qualifica	n	B1
2506	sottosegretario	n	B1
2507	rinvio	n	B1
2508	installare	v	B1
2509	esatto	adj	B1
2510	sopra	prep	B1
2511	quinto	adj	B1
2512	signora	n	B1
2513	piatto	n	B1
2514	citazione	n	B1
2515	impostazione	n	B1
2516	annuo	adj	B1
2517	mito	n	B1
2518	curiosità	n	B1
2519	compatibile	adj	B1
2520	addetto	n	B1
2521	dodici	num	B1
2522	sacro	adj	B1
2523	primavera	n	B1
2524	perfino	adv	B1
2525	presunto	adj	B1
2526	comprensione	n	B1
2527	alto	n	B1
2528	biglietto	n	B1
2529	espressamente	adv	B1
2530	inchiesta	n	B1
2531	ascolto	n	B1
2532	improvviso	adj	B1
2533	terribile	adj	B1
2534	tariffa	n	B1
2535	capello	n	B1
2536	sebbene	adv	B1
2537	divertente	adj	B1
2538	coda	n	B1
2539	bancario	adj	B1
2540	triste	adj	B1
2541	influenza	n	B1
2542	abituare	v	B1
2543	avversario	n	B1
2544	intelligente	adj	B1
2545	alunno	n	B1
2546	esecutivo	adj	B1
2547	delega	n	B1
2548	metodologia	n	B1
2549	correlare	v	B1
2550	orario	adj	B1
2551	volare	v	B1
2552	governativo	adj	B1
2553	Sardegna	np	B1
2554	votazione	n	B1
2555	agevolare	v	B1
2556	poco	pron	B1
2557	sinistro	adj	B1
2558	delineare	v	B1
2559	spagnolo	adj	B1
2560	vice	n	B1
2561	bagno	n	B1
2562	temperatura	n	B1
2563	sessanta	num	B1
2564	magistrato	n	B1
2565	disabile	adj	B1
2566	reciproco	adj	B1
2567	mensile	adj	B1
2568	creativo	adj	B1
2569	realmente	adv	B1
2570	geografico	adj	B1
2571	orientale	adj	B1
2572	teorico	adj	B1
2573	ammissione	n	B1
2574	fuggire	v	B1
2575	costa	n	B1
2576	cena	n	B1
2577	pista	n	B1
2578	sorridere	v	B1
2579	ordinanza	n	B1
2580	trasparenza	n	B1
2581	configurare	v	B1
2582	luna	n	B1
2583	cronaca	n	B1
2584	terapia	n	B1
2585	cinematografico	adj	B1
2586	immigrazione	n	B1
2587	blu	adj	B1
2588	violare	v	B1
2589	utilità	n	B1
2590	prevalentemente	adv	B1
2591	connettere	v	B1
2592	nodo	n	B1
2593	emissione	n	B1
2594	certificato	n	B1
2595	costume	n	B1
2596	stadio	n	B1
2597	regolarmente	adv	B1
2598	diversamente	adv	B1
2599	lento	adj	B1
2600	concepire	v	B1
2601	apprendimento	n	B1
2602	sessuale	adj	B1
2603	depositare	v	B1
2604	finché	conj	B1
2605	sonoro	adj	B1
2606	dinamico	adj	B1
2607	intitolare	v	B1
2608	prescrivere	v	B1
2609	solido	adj	B1
2610	civico	adj	B1
2611	esplicito	adj	B1
2612	segreto	n	B1
2613	battuta	n	B1
2614	ultimo	n	B1
2615	ricercare	v	B1
2616	Cina	np	B1
2617	benessere	n	B1
2618	era	n	B1
2619	resistere	v	B1
2620	probabile	adj	B1
2621	regia	n	B1
2622	conforme	adj	B1
2623	prescrizione	n	B1
2624	aereo	adj	B1
2625	destinatario	n	B1
2626	riprodurre	v	B1
2627	implicare	v	B1
2628	cervello	n	B1
2629	articolato	adj	B1
2630	niente	pron	B1
2631	promessa	n	B1
2632	scattare	v	B1
2633	sorella	n	B1
2634	animare	v	B1
2635	merce	n	B1
2636	nave	n	B1
2637	invio	n	B1
2638	intorno	adv	B1
2639	designare	v	B1
2640	animo	n	B1
2641	complessivamente	adv	B1
2642	volontario	adj	B1
2643	santa	n	B1
2644	panorama	n	B1
2645	attentato	n	B1
2646	timore	n	B1
2647	scambiare	v	B1
2648	foglio	n	B1
2649	ennesimo	adj	B1
2650	intelligenza	n	B1
2651	okay	n	B1
2652	stabilità	n	B1
2653	album	n	B1
2654	sottile	adj	B1
2655	farmaco	n	B1
2656	arresto	n	B1
2657	complessità	n	B1
2658	volontariato	n	B1
2659	attimo	n	B1
2660	coerenza	n	B1
2661	rapidamente	adv	B1
2662	direttivo	adj	B1
2663	fame	n	B1
2664	generalmente	adv	B1
2665	teatrale	adj	B1
2666	accademico	adj	B1
2667	licenza	n	B1
2668	colui	pron	B1
2669	sospetto	n	B1
2670	presente	n	B1
2671	annullare	v	B1
2672	odierno	adj	B1
2673	rinnovo	n	B1
2674	concezione	n	B1
2675	rappresentativo	adj	B1
2676	rumore	n	B1
2677	spiaggia	n	B1
2678	volontario	n	B1
2679	stringere	v	B1
2680	suolo	n	B1
2681	vicino	n	B1
2682	allarme	n	B1
2683	poeta	n	B1
2684	soglia	n	B1
2685	scritto	adj	B1
2686	conversione	n	B1
2687	pioggia	n	B1
2688	identico	adj	B1
2689	ampliare	v	B1
2690	cinquanta	num	B1
2691	udire	v	B1
2692	referendum	n	B1
2693	inquinamento	n	B1
2694	carenza	n	B1
2695	scadere	v	B1
2696	oriente	n	B1
2697	normalmente	adv	B1
2698	sparare	v	B1
2699	corrispondenza	n	B1
2700	qualificato	adj	B1
2701	convertire	v	B1
2702	allievo	n	B1
2703	prevalere	v	B1
2704	salvaguardia	n	B1
2705	nove	num	B1
2706	consolidare	v	B1
2707	inglese	n	B1
2708	compilare	v	B1
2709	revocare	v	B1
2710	ditta	n	B1
2711	trasportare	v	B1
2712	mantenimento	n	B1
2713	rimuovere	v	B1
2714	raggiungimento	n	B1
2715	fantastico	adj	B1
2716	Piemonte	np	B1
2717	graduatoria	n	B1
2718	sciogliere	v	B1
2719	influenzare	v	B1
2720	intellettuale	adj	B1
2721	saluto	n	B1
2722	pane	n	B1
2723	purché	conj	B1
2724	ovvio	adj	B1
2725	dito	n	B1
2726	coincidere	v	B1
2727	soccorso	n	B1
2728	bandiera	n	B1
2729	risparmiare	v	B1
2730	verde	n	B1
2731	diversità	n	B1
2732	immigrato	n	B1
2733	recitare	v	B1
2734	distinzione	n	B1
2735	abitudine	n	B1
2736	parità	n	B1
2737	fedele	adj	B1
2738	provvisorio	adj	B1
2739	pubblicitario	adj	B1
2740	installazione	n	B1
2741	tragedia	n	B1
2742	reggere	v	B1
2743	indipendentemente	adv	B1
2744	fornitura	n	B1
2745	efficiente	adj	B1
2746	dotazione	n	B1
2747	assurdo	adj	B1
2748	ristrutturazione	n	B1
2749	variare	v	B1
2750	necessitare	v	B1
2751	Parma	np	B1
2752	limitazione	n	B1
2753	gridare	v	B1
2754	magico	adj	B1
2755	mio	pron	B1
2756	Calabria	np	B1
2757	anziché	conj	B1
2758	minoranza	n	B1
2759	distruzione	n	B1
2760	linguistico	adj	B1
2761	occidente	n	B1
2762	spettatore	n	B1
2763	celebre	adj	B1
2764	azzurro	adj	B1
2765	tranne	prep	B1
2766	dispositivo	n	B1
2767	colloquio	n	B1
2768	scorrere	v	B1
2769	contestare	v	B1
2770	mutare	v	B1
2771	Inghilterra	np	B1
2772	quarto	n	B1
2773	stabilito	adj	B1
2774	quesito	n	B1
2775	ferro	n	B1
2776	sussistere	v	B1
2777	mail	n	B1
2778	immenso	adj	B1
2779	cooperativa	n	B1
2780	saggio	adj	B1
2781	povertà	n	B1
2782	oggettivo	adj	B1
2783	stanco	adj	B1
2784	candidare	v	B1
2785	coordinatore	n	B1
2786	vestire	v	B1
2787	circuito	n	B1
2788	peggio	adv	B1
2789	sorriso	n	B1
2790	svolta	n	B1
2791	inaugurare	v	B1
2792	vitale	adj	B1
2793	condizionare	v	B1
2794	ritiro	n	B1
2795	postale	adj	B1
2796	contraddizione	n	B1
2797	periodico	adj	B1
2798	precedentemente	adv	B1
2799	suggerimento	n	B1
2800	potenziale	adj	B1
2801	specializzazione	n	B1
2802	energetico	adj	B1
2803	applicabile	adj	B1
2804	pesca	n	B1
2805	elevare	v	B1
2806	sorte	n	B1
2807	indossare	v	B1
2808	sereno	adj	B1
2809	marcia	n	B1
2810	meglio	n	B1
2811	palla	n	B1
2812	edilizio	adj	B1
2813	concentrazione	n	B1
2814	patologia	n	B1
2815	fuori	prep	B1
2816	sesto	adj	B1
2817	bosco	n	B1
2818	preghiera	n	B1
2819	incrementare	v	B1
2820	parete	n	B1
2821	riempire	v	B1
2822	chiarimento	n	B1
2823	ricavare	v	B1
2824	raccomandare	v	B1
2825	affidamento	n	B1
2826	accessibile	adj	B1
2827	superamento	n	B1
2828	fallimento	n	B1
2829	suo	pron	B1
2830	simpatico	adj	B1
2831	sfera	n	B1
2832	verbale	adj	B1
2833	patria	n	B1
2834	fotografico	adj	B1
2835	corto	adj	B1
2836	visitatore	n	B1
2837	insediamento	n	B1
2838	sacco	n	B1
2839	inevitabile	adj	B1
2840	diploma	n	B1
2841	orizzonte	n	B1
2842	modesto	adj	B1
2843	tuttora	adv	B1
2844	esperimento	n	B1
2845	trattativa	n	B1
2846	identificazione	n	B1
2847	sostenibile	adj	B1
2848	Natale	n	B1
2849	navigazione	n	B1
2850	limitato	adj	B1
2851	galleria	n	B1
2852	varietà	n	B1
2853	motivare	v	B1
2854	docente	adj	B1
2855	statistico	adj	B1
2856	spedire	v	B1
2857	indagare	v	B1
2858	provenienza	n	B1
2859	rimandare	v	B1
2860	dovuto	adj	B1
2861	inizialmente	adv	B1
2862	compenso	n	B1
2863	quattro	num	B1
2864	dimostrazione	n	B1
2865	scatenare	v	B1
2866	clinico	adj	B1
2867	familiare	n	B1
2868	prevenire	v	B1
2869	viale	n	B1
2870	parente	n	B1
2871	abbassare	v	B1
2872	formulazione	n	B1
2873	vescovo	n	B1
2874	arabo	adj	B1
2875	inverno	n	B1
2876	eroe	n	B1
2877	studioso	n	B1
2878	raggio	n	B1
2879	sciopero	n	B1
2880	misto	adj	B1
2881	scienziato	n	B1
2882	contento	adj	B1
2883	notturno	adj	B1
2884	es.	abb	B1
2885	accendere	v	B1
2886	cinese	adj	B1
2887	accennare	v	B1
2888	abuso	n	B1
2889	dipendenza	n	B1
2890	piacevole	adj	B1
2891	strumentale	adj	B1
2892	talmente	adv	B1
2893	pacchetto	n	B1
2894	testimone	n	B1
2895	solare	adj	B1
2896	prestito	n	B1
2897	sopportare	v	B1
2898	anziano	adj	B1
2899	piattaforma	n	B1
2900	cittadino	adj	B1
2901	fabbrica	n	B1
2902	dispiacere	v	B1
2903	rubare	v	B1
2904	mappa	n	B1
2905	molteplice	adj	B1
2906	islamico	adj	B1
2907	sequenza	n	B1
2908	vantare	v	B1
2909	droga	n	B1
2910	sacrificio	n	B1
2911	giallo	adj	B1
2912	annuncio	n	B1
2913	espresso	adj	B1
2914	ingegnere	n	B1
2915	tour	for	B1
2916	rivestire	v	B1
2917	spunto	n	B1
2918	constatare	v	B1
2919	sostitutivo	adj	B1
2920	tragico	adj	B1
2921	abilità	n	B1
2922	automaticamente	adv	B1
2923	riposo	n	B1
2924	stimare	v	B1
2925	consigliere	n	B1
2926	dominio	n	B1
2927	sopravvivere	v	B1
2928	salto	n	B1
2929	cellula	n	B1
2930	dono	n	B1
2931	contabile	adj	B1
2932	razza	n	B1
2933	lunghezza	n	B1
2934	premiare	v	B1
2935	barriera	n	B1
2936	ipotizzare	v	B1
2937	recensione	n	B1
2938	fretta	n	B1
2939	competizione	n	B1
2940	calare	v	B1
2941	meraviglioso	adj	B1
2942	didattica	n	B1
2943	cima	n	B1
2944	britannico	adj	B1
2945	aereo	n	B1
2946	laddove	conj	B1
2947	sconfiggere	v	B1
2948	avvenimento	n	B1
2949	liberamente	adv	B1
2950	continuamente	adv	B1
2951	scappare	v	B1
2952	separato	adj	B1
2953	rifare	v	B1
2954	immobile	n	B1
2955	anticipo	n	B1
2956	funzionalità	n	B1
2957	sorprendere	v	B1
2958	bomba	n	B1
2959	qualificazione	n	B1
2960	entusiasmo	n	B1
2961	svegliare	v	B1
2962	interrogare	v	B1
2963	santo	n	B1
2964	lottare	v	B1
2965	tanto	adj	B1
2966	confondere	v	B1
2967	incertezza	n	B1
2968	domestico	adj	B1
2969	rito	n	B1
2970	riproduzione	n	B1
2971	pianificazione	n	B1
2972	cavaliere	n	B1
2973	riassumere	v	B1
2974	generico	adj	B1
2975	rigido	adj	B1
2976	trascinare	v	B1
2977	difficilmente	adv	B1
2978	grazia	n	B1
2979	nonostante	conj	B1
2980	cantiere	n	B1
2981	legittimità	n	B1
2982	pregiudizio	n	B1
2983	alimentazione	n	B1
2984	sommare	v	B1
2985	precedente	n	B1
2986	dettagliato	adj	B1
2987	orecchio	n	B1
2988	settimanale	adj	B1
2989	server	for	B1
2990	sportello	n	B1
2991	procura	n	B1
2992	signorina	n	B1
2993	domattina	adv	B1
2994	bravo	int	B1
2995	cosa	pron	B1
2996	grillo	n	B1
2997	vicino	adv	B1
2998	zucchino	n	B1
2999	dimostrante	n	B1
3000	freddo	n	B1
