# Franska: de 3 000 vanligaste lemmana i Lexique 3.83 (www.lexique.org), New B., Pallier C., Brysbaert M., Ferrand L. (2004)
# 'Lexique 3: A new French lexical database', Behavior Research Methods 36(3). Licens: CC BY-SA 4.0.
# Rang efter medelvärdet av freqlemfilms2 och freqlemlivres (förekomster per miljon ord, filmtextning och böcker),
# summerat över ordklasserna (cgram) för samma lemma. Lemman med apostrof (l', d') är borttagna.
# Kolumner: rang, lemma, ordklass (Lexique, den vanligaste), per miljon. Utdraget gjordes 2026-10-05.
1	de	PRE	32074.9
2	être	VER	31060.6
3	avoir	AUX	25682.7
4	la	ART:def	20452.7
5	le	ART:def	18844.3
6	je	PRO:per	18425.6
7	ne	ADV	18075.2
8	et	CON	16894.4
9	à	PRE	15699.7
10	il	PRO:per	14527.8
11	pas	ADV	13722.3
12	qui	PRO:int	13439.8
13	un	ART:ind	13316.0
14	les	ART:def	13017.8
15	en	PRE	10401.0
16	une	ART:ind	8982.2
17	tout	ADJ	8877.1
18	tu	PRO:per	8609.0
19	vous	PRO:per	8548.4
20	des	ART:ind	8340.3
21	que	PRO:int	7416.8
22	faire	VER	7071.2
23	on	PRO:per	6714.2
24	ce	PRO:dem	6676.7
25	pour	PRE	6660.2
26	dans	PRE	6477.3
27	aller	VER	6437.1
28	elle	PRO:per	5756.0
29	ça	PRO:dem	5727.8
30	du	ART:def	5638.4
31	dire	VER	5432.0
32	mais	CON	4822.9
33	se	PRO:per	4700.8
34	me	PRO:per	4598.4
35	plus	ADV	4559.2
36	au	ART:def	4530.1
37	nous	PRO:per	4320.0
38	où	PRO:int	4245.4
39	pouvoir	VER	4205.0
40	sur	PRE	3961.5
41	avec	PRE	3852.6
42	y	PRO:per	3746.6
43	bien	ADV	3498.3
44	vouloir	VER	3446.6
45	comme	CON	3349.4
46	savoir	VER	3299.5
47	son	ADJ:pos	3276.0
48	lui	PRO:per	3266.9
49	voir	VER	3260.6
50	mon	ADJ:pos	3078.5
51	ils	PRO:per	2942.3
52	moi	PRO:per	2788.6
53	par	PRE	2751.4
54	si	ADV	2671.0
55	non	ADV	2591.5
56	sa	ADJ:pos	2504.4
57	te	PRO:per	2390.2
58	devoir	VER	2334.9
59	quoi	ADJ	2188.8
60	venir	VER	2139.2
61	cette	ADJ:dem	2111.5
62	ma	ADJ:pos	2007.1
63	ou	CON	2007.0
64	rien	PRO:ind	1964.6
65	ses	ADJ:pos	1931.6
66	oui	ADV	1922.5
67	même	ADV	1786.5
68	prendre	VER	1690.1
69	quand	CON	1655.7
70	bon	ADJ	1630.5
71	là	ADV	1614.5
72	sans	PRE	1613.8
73	petit	ADJ	1538.9
74	parler	VER	1538.6
75	suivre	VER	1519.8
76	toi	PRO:per	1484.9
77	falloir	VER	1452.1
78	ici	ADV	1447.7
79	chose	NOM	1415.6
80	alors	ADV	1405.7
81	autre	ADJ	1404.1
82	ces	ADJ:dem	1385.0
83	aussi	ADV	1381.1
84	encore	ADV	1378.0
85	aux	ART:def	1371.6
86	peu	NOM	1366.4
87	très	ADV	1355.4
88	passer	VER	1330.4
89	croire	VER	1329.6
90	deux	ADJ:num	1283.5
91	homme	NOM	1261.2
92	pourquoi	ADV	1245.8
93	jamais	ADV	1241.6
94	aimer	VER	1225.3
95	jour	NOM	1201.8
96	dont	PRO:int	1183.8
97	penser	VER	1177.6
98	votre	ADJ:pos	1161.2
99	temps	NOM	1160.2
100	trouver	VER	1154.0
101	ton	ADJ:pos	1116.7
102	regarder	VER	1097.6
103	laisser	VER	1092.8
104	toujours	ADV	1083.1
105	mes	ADJ:pos	1062.7
106	grand	ADJ	1058.5
107	donner	VER	1052.9
108	mettre	VER	1044.3
109	comment	ADV	1035.2
110	attendre	VER	1029.1
111	femme	NOM	1022.5
112	fois	NOM	1019.6
113	seul	ADJ	992.1
114	arriver	VER	987.7
115	demander	VER	947.1
116	vie	NOM	937.3
117	rester	VER	898.7
118	après	PRE	873.2
119	main	NOM	864.5
120	notre	ADJ:pos	851.9
121	trop	ADV	824.8
122	oeil	NOM	823.8
123	heure	NOM	816.9
124	appeler	VER	815.4
125	père	NOM	809.5
126	quelque	ADJ:ind	808.2
127	peut-être	ADV	802.8
128	partir	VER	798.8
129	connaître	VER	795.1
130	monde	NOM	786.0
131	an	NOM	776.2
132	sortir	VER	763.8
133	maintenant	ADV	762.8
134	avant	PRE	761.8
135	chez	PRE	761.4
136	ta	ADJ:pos	758.8
137	comprendre	VER	754.2
138	puis	CON	747.2
139	est-ce que	ADV	740.8
140	enfant	NOM	730.6
141	arrêter	VER	728.1
142	mère	NOM	724.0
143	entendre	VER	723.9
144	fille	NOM	716.9
145	leur	PRO:per	711.3
146	beau	ADJ	707.6
147	merci	ONO	705.6
148	tête	NOM	699.7
149	déjà	ADV	699.1
150	personne	PRO:ind	698.2
151	premier	ADJ	684.6
152	sûr	ADJ	678.3
153	mal	ADV	674.9
154	sous	PRE	674.1
155	nuit	NOM	662.4
156	vrai	ADJ	656.2
157	coup	NOM	654.8
158	mourir	VER	653.7
159	dieu	NOM	650.0
160	depuis	PRE	643.9
161	vers	PRE	628.4
162	sentir	VER	627.1
163	tenir	VER	623.0
164	vraiment	ADV	621.4
165	cela	PRO:dem	617.3
166	moins	ADV	612.2
167	juste	ADJ	606.8
168	entre	PRE	603.4
169	ami	NOM	596.9
170	maison	NOM	590.5
171	air	NOM	588.0
172	chercher	VER	580.7
173	leurs	ADJ:pos	573.2
174	mieux	ADV	571.6
175	soir	NOM	569.2
176	vieux	ADJ	563.3
177	moment	NOM	560.9
178	mort	NOM	557.6
179	revenir	VER	554.6
180	nos	ADJ:pos	551.9
181	tuer	VER	549.6
182	oh	ONO	547.3
183	beaucoup	ADV	543.7
184	quelques	ADJ:ind	535.0
185	monsieur	NOM	532.0
186	donc	CON	529.2
187	voilà	PRE	527.8
188	devant	PRE	527.0
189	trois	ADJ:num	520.6
190	ni	CON	520.0
191	besoin	NOM	518.9
192	elles	PRO:per	512.8
193	gens	NOM	501.8
194	dernier	ADJ	498.7
195	cet	ADJ:dem	498.7
196	vivre	VER	496.7
197	devenir	VER	489.1
198	rendre	VER	488.5
199	finir	VER	487.8
200	jeune	ADJ	484.4
201	essayer	VER	483.5
202	nom	NOM	482.8
203	porte	NOM	475.6
204	perdre	VER	461.7
205	quel	ADJ:int	461.5
206	nouveau	NOM	458.7
207	contre	PRE	458.0
208	jouer	VER	453.7
209	ouvrir	VER	452.9
210	accord	NOM	451.2
211	parce que	CON	438.2
212	ah	ONO	436.8
213	peur	NOM	434.5
214	amour	NOM	431.1
215	commencer	VER	429.4
216	côté	NOM	426.2
217	fait	NOM	426.1
218	tomber	VER	424.6
219	entrer	VER	424.2
220	aider	VER	423.7
221	vite	ADV	421.8
222	tes	ADJ:pos	417.6
223	mot	NOM	416.7
224	vos	ADJ:pos	414.7
225	assez	ADV	413.9
226	noir	ADJ	411.8
227	tant	ADV	408.4
228	rentrer	VER	406.2
229	long	ADJ	401.6
230	sembler	VER	401.0
231	porter	VER	400.6
232	eux	PRO:per	399.8
233	tirer	VER	399.2
234	souvenir	VER	395.4
235	écouter	VER	392.5
236	pendant	PRE	391.4
237	raison	NOM	388.4
238	oublier	VER	387.0
239	place	NOM	384.9
240	eau	NOM	382.8
241	manger	VER	379.1
242	quelle	ADJ:int	378.5
243	terre	NOM	373.7
244	tard	ADV	373.6
245	plaire	VER	373.5
246	plein	ADJ	373.4
247	voix	NOM	371.8
248	car	CON	370.6
249	question	NOM	370.1
250	chaque	ADJ:ind	366.3
251	corps	NOM	365.2
252	fils	NOM	363.9
253	argent	NOM	362.6
254	rue	NOM	360.4
255	histoire	NOM	359.7
256	répondre	VER	359.2
257	idée	NOM	359.1
258	asseoir	VER	359.0
259	voiture	NOM	356.3
260	retrouver	VER	355.7
261	visage	NOM	353.1
262	enfin	ADV	353.0
263	chambre	NOM	351.0
264	loin	ADV	350.4
265	pied	NOM	350.2
266	année	NOM	345.9
267	gros	ADJ	345.3
268	marcher	VER	345.0
269	maman	NOM	342.3
270	travailler	VER	341.1
271	monter	VER	341.0
272	seulement	ADV	338.6
273	ainsi	ADV	338.6
274	droit	NOM	337.9
275	matin	NOM	335.9
276	blanc	ADJ	334.3
277	famille	NOM	329.7
278	changer	VER	329.2
279	point	NOM	329.0
280	fin	NOM	328.7
281	près	PRE	328.0
282	rire	VER	327.6
283	travail	NOM	326.6
284	dormir	VER	325.6
285	ville	NOM	324.1
286	écrire	VER	323.9
287	presque	ADV	323.7
288	affaire	NOM	323.6
289	fort	ADV	323.2
290	lire	VER	322.5
291	coeur	NOM	320.4
292	derrière	PRE	318.8
293	bras	NOM	318.6
294	fou	ADJ	317.8
295	apprendre	VER	317.6
296	demain	ADV	316.0
297	part	NOM	313.1
298	poser	VER	313.1
299	longtemps	ADV	313.0
300	autres	PRO:ind	312.6
301	bonjour	NOM	311.1
302	lever	VER	310.4
303	boire	VER	309.0
304	mois	NOM	308.6
305	tous	PRO:ind	307.7
306	problème	NOM	307.5
307	frère	NOM	303.4
308	montrer	VER	301.9
309	revoir	VER	300.2
310	haut	ADJ	299.7
311	peine	NOM	299.6
312	servir	VER	298.0
313	garder	VER	297.9
314	quitter	VER	297.5
315	occuper	VER	297.5
316	foutre	VER	291.5
317	tourner	VER	290.6
318	guerre	NOM	288.1
319	certain	ADJ	286.2
320	ouais	ADV	286.0
321	paraître	VER	285.1
322	celui	PRO:dem	284.7
323	sourire	VER	284.1
324	payer	VER	283.4
325	eh	ONO	281.3
326	continuer	VER	276.4
327	instant	NOM	276.0
328	suite	NOM	275.9
329	salut	NOM	274.4
330	français	ADJ	273.0
331	train	NOM	272.0
332	minute	NOM	271.8
333	envoyer	VER	268.9
334	descendre	VER	268.8
335	retourner	VER	268.1
336	jeter	VER	266.6
337	merde	NOM	265.6
338	bout	NOM	263.2
339	hein	ONO	262.8
340	lit	NOM	261.2
341	bas	ADJ	260.4
342	type	NOM	259.5
343	raconter	VER	257.9
344	garçon	NOM	257.0
345	sang	NOM	256.0
346	ceux	PRO:dem	255.9
347	madame	NOM	255.4
348	feu	NOM	254.3
349	laquelle	PRO:int	254.2
350	façon	NOM	253.9
351	force	NOM	251.5
352	tour	NOM	251.3
353	combien	ADV	249.3
354	général	NOM	249.2
355	table	NOM	249.1
356	cas	NOM	249.0
357	chance	NOM	248.5
358	ensemble	ADV	246.9
359	plutôt	ADV	245.6
360	semaine	NOM	244.2
361	pauvre	ADJ	243.8
362	fond	NOM	243.1
363	livre	NOM	242.3
364	regard	NOM	242.3
365	rappeler	VER	242.0
366	rouge	ADJ	240.8
367	aucun	ADJ:ind	240.8
368	prêt	ADJ	239.6
369	toucher	VER	239.0
370	gagner	VER	237.7
371	ailleurs	ADV	237.5
372	envie	NOM	236.0
373	pourtant	ADV	235.7
374	mauvais	ADJ	235.7
375	truc	NOM	234.6
376	reprendre	VER	233.5
377	attention	NOM	231.8
378	excuser	VER	230.5
379	doute	NOM	229.1
380	soleil	NOM	228.9
381	route	NOM	227.4
382	heureux	ADJ	226.6
383	ordre	NOM	226.3
384	manquer	VER	225.8
385	autour	ADV	225.5
386	lieu	NOM	224.8
387	ciel	NOM	223.8
388	pays	NOM	222.1
389	surtout	ADV	221.8
390	possible	ADJ	221.3
391	celle	PRO:dem	220.4
392	parfois	ADV	220.1
393	acheter	VER	219.5
394	meilleur	ADJ	219.3
395	espérer	VER	218.0
396	fermer	VER	217.9
397	imaginer	VER	217.7
398	expliquer	VER	217.4
399	quatre	ADJ:num	216.8
400	cher	ADJ	216.7
401	importer	VER	216.2
402	silence	NOM	216.0
403	compter	VER	215.8
404	rencontrer	VER	214.8
405	aucune	ADJ:ind	214.3
406	pièce	NOM	213.7
407	souvent	ADV	211.2
408	décider	VER	211.0
409	sorte	NOM	210.9
410	plaisir	NOM	210.1
411	prier	VER	209.4
412	dès	PRE	209.4
413	recevoir	VER	208.6
414	cause	NOM	207.9
415	agir	VER	207.8
416	bois	NOM	207.5
417	pousser	VER	207.3
418	lettre	NOM	206.4
419	valoir	VER	205.9
420	chef	NOM	205.6
421	courir	VER	204.9
422	lumière	NOM	204.5
423	chien	NOM	204.1
424	mur	NOM	203.3
425	verre	NOM	203.3
426	lequel	PRO:int	201.4
427	partie	NOM	201.3
428	mec	NOM	198.9
429	face	NOM	198.1
430	propre	ADJ	197.9
431	coucher	VER	197.4
432	froid	ADJ	197.0
433	autant	ADV	196.3
434	cheveu	NOM	196.0
435	offrir	VER	195.9
436	suffire	VER	195.7
437	mari	NOM	194.2
438	cacher	VER	193.0
439	reste	NOM	191.6
440	battre	VER	191.4
441	cinq	ADJ:num	191.3
442	là-bas	ADV	190.4
443	genre	NOM	189.7
444	emmener	VER	189.1
445	dehors	ADV	187.9
446	bruit	NOM	187.8
447	voici	PRE	187.4
448	dur	ADJ	187.0
449	ok	ADJ	186.9
450	bouche	NOM	186.7
451	esprit	NOM	186.1
452	café	NOM	185.6
453	fenêtre	NOM	185.4
454	âge	NOM	185.0
455	reconnaître	VER	185.0
456	compte	NOM	184.7
457	apporter	VER	184.6
458	bouger	VER	184.3
459	mer	NOM	182.1
460	état	NOM	181.9
461	jeu	NOM	181.9
462	nouvelle	ADJ	181.8
463	bleu	ADJ	180.3
464	police	NOM	180.0
465	permettre	VER	178.5
466	crier	VER	178.3
467	chemin	NOM	178.3
468	endroit	NOM	177.9
469	pleurer	VER	177.5
470	bientôt	ADV	177.3
471	journée	NOM	177.1
472	passé	NOM	176.4
473	tellement	ADV	176.1
474	parent	NOM	176.0
475	école	NOM	175.4
476	disparaître	VER	174.7
477	gars	NOM	174.4
478	joli	ADJ	174.1
479	remettre	VER	173.7
480	putain	NOM	173.6
481	soeur	NOM	173.0
482	sauver	VER	172.8
483	secret	NOM	172.6
484	neuf	ADJ	172.6
485	présent	NOM	171.1
486	gauche	NOM	170.9
487	doigt	NOM	170.9
488	papa	NOM	168.1
489	tendre	VER	167.7
490	sens	NOM	167.5
491	jambe	NOM	167.4
492	vérité	NOM	167.1
493	or	NOM	166.8
494	salle	NOM	166.4
495	arme	NOM	165.9
496	service	NOM	165.2
497	préparer	VER	164.2
498	frapper	VER	164.2
499	dix	ADJ:num	164.1
500	voler	VER	163.7
501	film	NOM	163.4
502	milieu	NOM	163.3
503	toute	ADJ:ind	163.1
504	papier	NOM	161.8
505	découvrir	VER	161.2
506	pareil	ADJ	161.2
507	important	ADJ	161.0
508	partout	ADV	160.7
509	docteur	NOM	160.6
510	épaule	NOM	160.6
511	cours	NOM	159.9
512	hé	ONO	159.1
513	bureau	NOM	158.6
514	malade	ADJ	158.3
515	hier	ADV	158.2
516	dos	NOM	157.2
517	conduire	VER	157.1
518	approcher	VER	156.9
519	travers	NOM	156.6
520	préférer	VER	156.4
521	tiens	ONO	156.0
522	geste	NOM	155.9
523	désoler	VER	155.9
524	chaud	ADJ	155.6
525	accepter	VER	155.2
526	pardon	ONO	154.9
527	effet	NOM	154.6
528	journal	NOM	154.2
529	cheval	NOM	154.2
530	simple	ADJ	154.0
531	bord	NOM	154.0
532	soudain	ADV	153.7
533	clair	ADJ	153.1
534	ressembler	VER	153.1
535	chéri	NOM	152.8
536	maître	NOM	152.3
537	vide	ADJ	152.2
538	choisir	VER	152.2
539	photo	NOM	151.8
540	libre	ADJ	151.2
541	réveiller	VER	150.7
542	présenter	VER	150.5
543	vendre	VER	149.8
544	sac	NOM	149.4
545	coin	NOM	149.4
546	calme	NOM	149.3
547	répéter	VER	149.2
548	vent	NOM	148.8
549	retour	NOM	148.8
550	ensuite	ADV	148.6
551	refuser	VER	148.4
552	couper	VER	148.3
553	dîner	NOM	148.0
554	plusieurs	ADJ:ind	147.4
555	taire	VER	147.1
556	con	NOM	146.7
557	âme	NOM	146.6
558	empêcher	VER	146.6
559	chanter	VER	146.1
560	avancer	VER	145.3
561	arbre	NOM	145.1
562	intérieur	NOM	144.9
563	désolé	ADJ	144.5
564	rêve	NOM	143.7
565	promettre	VER	143.3
566	marier	VER	142.8
567	exister	VER	142.2
568	amener	VER	142.1
569	musique	NOM	142.1
570	bête	NOM	141.7
571	inquiéter	VER	141.6
572	ancien	ADJ	141.6
573	moyen	NOM	141.4
574	ramener	VER	141.0
575	parole	NOM	140.9
576	chacun	PRO:ind	140.7
577	couleur	NOM	140.5
578	drôle	ADJ	139.6
579	ombre	NOM	139.6
580	roi	NOM	138.5
581	embrasser	VER	138.2
582	peau	NOM	137.6
583	content	ADJ	137.6
584	patron	NOM	137.0
585	six	ADJ:num	136.8
586	hôtel	NOM	136.8
587	traverser	VER	136.5
588	image	NOM	135.5
589	rapport	NOM	135.5
590	forme	NOM	135.4
591	gentil	ADJ	135.1
592	difficile	ADJ	134.3
593	allemand	NOM	134.2
594	apercevoir	VER	133.8
595	oreille	NOM	133.8
596	humain	ADJ	133.5
597	impossible	ADJ	133.1
598	dame	NOM	132.5
599	ignorer	VER	132.5
600	faute	NOM	132.2
601	fleur	NOM	132.1
602	glisser	VER	132.0
603	baiser	VER	131.8
604	ajouter	VER	131.8
605	voyage	NOM	131.6
606	vivant	ADJ	131.2
607	amuser	VER	131.2
608	lâcher	VER	131.0
609	copain	NOM	131.0
610	prochain	ADJ	130.2
611	lèvre	NOM	130.0
612	doux	ADJ	129.9
613	serrer	VER	129.2
614	espèce	NOM	129.1
615	intéresser	VER	129.1
616	facile	ADJ	129.0
617	mille	ADJ:num	128.9
618	grâce	PRE	128.9
619	sauter	VER	128.8
620	téléphone	NOM	128.8
621	pierre	NOM	128.5
622	tôt	ADV	128.4
623	lorsque	CON	128.3
624	carte	NOM	128.2
625	faux	ADJ	128.2
626	début	NOM	127.9
627	confiance	NOM	127.4
628	sinon	CON	127.2
629	oncle	NOM	127.2
630	réussir	VER	127.0
631	nu	ADJ	127.0
632	casser	VER	126.7
633	nez	NOM	126.4
634	habitude	NOM	126.3
635	ligne	NOM	126.1
636	enlever	VER	125.6
637	rêver	VER	125.6
638	dessus	ADV	125.4
639	debout	ADV	125.3
640	fête	NOM	125.0
641	boulot	NOM	124.9
642	sale	ADJ	124.4
643	lui-même	PRO:per	124.4
644	paix	NOM	124.3
645	armée	NOM	123.8
646	tromper	VER	123.2
647	lancer	VER	123.2
648	mariage	NOM	123.1
649	seconde	NOM	123.0
650	jardin	NOM	123.0
651	cesser	VER	122.9
652	oser	VER	122.9
653	plan	NOM	122.8
654	impression	NOM	122.7
655	capitaine	NOM	122.6
656	odeur	NOM	122.6
657	signe	NOM	122.0
658	grave	ADJ	122.0
659	numéro	NOM	121.8
660	vert	ADJ	121.6
661	terminer	VER	121.2
662	parmi	PRE	120.6
663	bonheur	NOM	120.6
664	habiter	VER	120.4
665	village	NOM	119.9
666	abandonner	VER	119.7
667	adorer	VER	119.1
668	malgré	PRE	119.0
669	super	ADJ	119.0
670	ennemi	NOM	119.0
671	mener	VER	118.8
672	mentir	VER	118.6
673	exactement	ADV	118.5
674	soldat	NOM	118.4
675	bébé	NOM	118.4
676	sujet	NOM	118.3
677	pire	ADJ	117.8
678	naître	VER	117.7
679	certains	ADJ:ind	117.6
680	gueule	NOM	117.6
681	assurer	VER	117.1
682	prix	NOM	117.0
683	entier	ADJ	117.0
684	souffrir	VER	116.5
685	sentiment	NOM	116.5
686	installer	VER	116.5
687	robe	NOM	116.3
688	étranger	NOM	116.2
689	vue	NOM	116.1
690	doucement	ADV	116.1
691	rejoindre	VER	115.9
692	américain	ADJ	115.9
693	remonter	VER	115.7
694	aide	NOM	115.6
695	jurer	VER	115.1
696	manière	NOM	115.0
697	danser	VER	115.0
698	sérieux	ADJ	114.8
699	honneur	NOM	114.0
700	différent	ADJ	113.9
701	échapper	VER	113.9
702	groupe	NOM	113.4
703	lourd	ADJ	113.3
704	utiliser	VER	113.0
705	flic	NOM	113.0
706	craindre	VER	112.9
707	joie	NOM	112.6
708	rouler	VER	112.6
709	anglais	NOM	112.2
710	chat	NOM	111.9
711	cuisine	NOM	111.7
712	mouvement	NOM	111.7
713	président	NOM	111.5
714	scène	NOM	111.4
715	boîte	NOM	111.4
716	remarquer	VER	111.4
717	nul	ADJ	111.3
718	cour	NOM	111.0
719	couvrir	VER	110.9
720	courant	NOM	110.8
721	propos	NOM	110.7
722	au-dessus	ADV	110.2
723	prison	NOM	110.0
724	idiot	NOM	110.0
725	maintenir	VER	109.9
726	exemple	NOM	109.9
727	cul	NOM	109.6
728	simplement	ADV	109.5
729	frais	ADJ	109.4
730	peuple	NOM	109.3
731	politique	ADJ	108.8
732	balle	NOM	108.3
733	garde	NOM	108.3
734	médecin	NOM	107.9
735	retenir	VER	107.8
736	charger	VER	107.6
737	accompagner	VER	107.5
738	brûler	VER	107.5
739	seigneur	NOM	107.0
740	situation	NOM	106.9
741	calmer	VER	106.8
742	camp	NOM	106.1
743	cent	ADJ:num	106.0
744	sauf	PRE	105.9
745	tranquille	ADJ	105.8
746	église	NOM	104.9
747	tel	ADJ:ind	104.8
748	contraire	NOM	104.8
749	pensée	NOM	104.7
750	triste	ADJ	104.5
751	sûrement	ADV	103.9
752	amoureux	ADJ	103.7
753	ferme	NOM	103.6
754	bateau	NOM	103.6
755	époque	NOM	103.5
756	tenter	VER	103.4
757	avion	NOM	103.2
758	marche	NOM	103.1
759	réfléchir	VER	102.9
760	avis	NOM	102.2
761	faim	NOM	102.0
762	aussitôt	ADV	101.7
763	gris	ADJ	101.5
764	apparaître	VER	101.5
765	prévenir	VER	101.5
766	protéger	VER	101.5
767	voisin	NOM	100.9
768	rose	ADJ	100.9
769	cri	NOM	100.5
770	arrière	NOM	100.4
771	front	NOM	100.1
772	prince	NOM	100.1
773	normal	ADJ	100.0
774	dent	NOM	99.9
775	goût	NOM	99.9
776	risquer	VER	99.9
777	visite	NOM	99.6
778	obliger	VER	99.6
779	inviter	VER	99.6
780	passage	NOM	99.6
781	trou	NOM	99.5
782	éviter	VER	99.0
783	sol	NOM	98.8
784	vin	NOM	98.7
785	réponse	NOM	98.5
786	étrange	ADJ	98.3
787	poche	NOM	98.0
788	langue	NOM	97.7
789	public	ADJ	97.5
790	tante	NOM	97.5
791	gouvernement	NOM	97.3
792	court	ADJ	96.9
793	client	NOM	96.8
794	été	NOM	96.4
795	selon	PRE	96.1
796	arranger	VER	96.0
797	départ	NOM	95.8
798	puisque	CON	95.5
799	oiseau	NOM	95.4
800	moi-même	PRO:per	95.3
801	emporter	VER	95.2
802	proposer	VER	94.8
803	annoncer	VER	94.8
804	filer	VER	94.7
805	ventre	NOM	94.4
806	léger	ADJ	94.4
807	atteindre	VER	94.3
808	traîner	VER	94.1
809	hôpital	NOM	94.0
810	classe	NOM	94.0
811	sec	ADJ	93.7
812	complètement	ADV	93.5
813	honte	NOM	93.4
814	ceci	PRO:dem	93.4
815	avenir	NOM	93.4
816	détester	VER	92.8
817	moitié	NOM	92.6
818	deviner	VER	92.5
819	vingt	ADJ:num	92.0
820	pardonner	VER	92.0
821	animal	NOM	91.8
822	bizarre	ADJ	91.8
823	second	ADJ	91.7
824	bonsoir	NOM	91.7
825	lentement	ADV	91.5
826	fumer	VER	91.4
827	supposer	VER	91.4
828	déjeuner	NOM	91.2
829	loi	NOM	91.2
830	genou	NOM	91.1
831	escalier	NOM	90.6
832	présence	NOM	90.3
833	cigarette	NOM	90.2
834	moindre	ADJ	90.2
835	baisser	VER	89.7
836	effort	NOM	89.7
837	larme	NOM	89.6
838	parvenir	VER	89.6
839	reposer	VER	89.6
840	soirée	NOM	89.5
841	supporter	VER	89.4
842	million	NOM	89.4
843	siècle	NOM	89.3
844	retirer	VER	89.3
845	lendemain	NOM	89.3
846	telle	ADJ:ind	89.3
847	respirer	VER	89.3
848	intérêt	NOM	89.2
849	détruire	VER	89.2
850	épouser	VER	89.0
851	quartier	NOM	88.9
852	liberté	NOM	88.8
853	riche	ADJ	88.4
854	camarade	NOM	88.4
855	droite	NOM	88.3
856	cadeau	NOM	88.3
857	erreur	NOM	88.1
858	séparer	VER	88.0
859	durer	VER	88.0
860	terrible	ADJ	87.9
861	appartement	NOM	87.8
862	cependant	ADV	87.4
863	éloigner	VER	87.1
864	traiter	VER	87.0
865	fixer	VER	86.8
866	appel	NOM	86.8
867	mètre	NOM	86.8
868	poste	NOM	86.8
869	surprendre	VER	86.7
870	retard	NOM	86.5
871	pain	NOM	86.5
872	appartenir	VER	86.5
873	preuve	NOM	86.4
874	pencher	VER	86.4
875	nature	NOM	86.3
876	saisir	VER	86.3
877	ouvert	ADJ	86.2
878	hasard	NOM	86.1
879	militaire	ADJ	86.1
880	grand-père	NOM	86.1
881	mémoire	NOM	85.9
882	gosse	NOM	85.9
883	conseil	NOM	85.8
884	large	ADJ	85.7
885	poursuivre	VER	85.6
886	allumer	VER	85.5
887	vague	NOM	85.5
888	compagnie	NOM	85.5
889	déranger	VER	85.5
890	objet	NOM	85.1
891	étonner	VER	85.1
892	attaquer	VER	85.0
893	défendre	VER	84.8
894	énorme	ADJ	84.6
895	saint	NOM	84.6
896	obtenir	VER	84.5
897	colère	NOM	84.5
898	couler	VER	84.4
899	pluie	NOM	84.3
900	juif	NOM	84.2
901	remercier	VER	84.1
902	feuille	NOM	84.1
903	plat	NOM	84.0
904	recommencer	VER	84.0
905	attraper	VER	83.9
906	grand-mère	NOM	83.9
907	douleur	NOM	83.9
908	souhaiter	VER	83.9
909	occasion	NOM	83.8
910	arracher	VER	83.8
911	appuyer	VER	83.5
912	entrée	NOM	83.4
913	clé	NOM	83.4
914	île	NOM	83.3
915	mêler	VER	83.2
916	rôle	NOM	83.2
917	sonner	VER	83.1
918	espoir	NOM	83.1
919	douter	VER	82.9
920	beauté	NOM	82.6
921	dimanche	NOM	82.6
922	mesure	NOM	82.5
923	regretter	VER	82.5
924	proche	ADJ	82.5
925	choix	NOM	82.4
926	fil	NOM	82.3
927	relever	VER	82.2
928	hors	PRE	82.2
929	équipe	NOM	82.1
930	art	NOM	82.1
931	morceau	NOM	82.0
932	cousin	NOM	81.9
933	champ	NOM	81.9
934	capable	ADJ	81.6
935	engager	VER	81.4
936	phrase	NOM	81.2
937	professeur	NOM	81.2
938	désir	NOM	81.2
939	jaune	ADJ	80.7
940	bouteille	NOM	80.6
941	huit	ADJ:num	80.5
942	diriger	VER	80.4
943	parti	NOM	80.3
944	fier	ADJ	80.3
945	dégager	VER	80.3
946	surprise	NOM	80.0
947	message	NOM	79.8
948	cou	NOM	79.7
949	sommeil	NOM	79.7
950	gamin	NOM	79.6
951	observer	VER	79.3
952	coller	VER	79.2
953	profiter	VER	79.2
954	campagne	NOM	79.2
955	chaise	NOM	79.2
956	partager	VER	79.0
957	glace	NOM	78.9
958	avouer	VER	78.9
959	sombre	ADJ	78.8
960	bain	NOM	78.8
961	conversation	NOM	78.8
962	agent	NOM	78.6
963	action	NOM	78.3
964	russe	ADJ	78.2
965	élever	VER	77.9
966	placer	VER	77.8
967	chaleur	NOM	77.7
968	prévoir	VER	77.7
969	diable	NOM	77.7
970	discuter	VER	77.5
971	page	NOM	77.5
972	blond	ADJ	77.2
973	joue	NOM	77.0
974	signer	VER	77.0
975	demi	ADJ	76.9
976	course	NOM	76.8
977	profond	ADJ	76.7
978	herbe	NOM	76.7
979	absolument	ADV	76.6
980	fuir	VER	76.6
981	direction	NOM	76.6
982	juger	VER	76.5
983	accident	NOM	76.5
984	personnel	ADJ	76.5
985	inutile	ADJ	76.4
986	machine	NOM	76.4
987	bref	ADJ	76.3
988	hésiter	VER	76.2
989	victime	NOM	76.2
990	sécurité	NOM	76.1
991	entraîner	VER	75.9
992	vêtement	NOM	75.8
993	mériter	VER	75.8
994	avance	NOM	75.8
995	accrocher	VER	75.7
996	fer	NOM	75.6
997	tandis que	CON	75.6
998	vérifier	VER	75.6
999	dollar	NOM	75.5
1000	colonel	NOM	75.4
1001	bande	NOM	75.3
1002	vacance	NOM	75.2
1003	éprouver	VER	75.2
1004	avocat	NOM	75.2
1005	former	VER	75.0
1006	inconnu	ADJ	74.8
1007	malheur	NOM	74.8
1008	dangereux	ADJ	74.7
1009	salaud	NOM	74.6
1010	crime	NOM	74.6
1011	prêter	VER	74.5
1012	tas	NOM	74.5
1013	ressentir	VER	74.5
1014	pur	ADJ	74.4
1015	forêt	NOM	74.1
1016	officier	NOM	74.1
1017	côte	NOM	73.8
1018	billet	NOM	73.7
1019	pont	NOM	73.6
1020	blesser	VER	73.5
1021	détail	NOM	73.5
1022	nord	NOM	73.4
1023	crever	VER	73.2
1024	repartir	VER	73.2
1025	franc	NOM	72.9
1026	rendez-vous	NOM	72.8
1027	chair	NOM	72.6
1028	écraser	VER	72.6
1029	marquer	VER	72.4
1030	génial	ADJ	72.3
1031	laver	VER	71.9
1032	commander	VER	71.9
1033	montagne	NOM	71.9
1034	étage	NOM	71.5
1035	chapeau	NOM	71.5
1036	celles	PRO:dem	71.3
1037	remplir	VER	71.3
1038	demeurer	VER	71.0
1039	cinéma	NOM	71.0
1040	éclater	VER	70.9
1041	sept	ADJ:num	70.8
1042	livrer	VER	70.7
1043	centre	NOM	70.7
1044	santé	NOM	70.7
1045	rond	ADJ	70.7
1046	prouver	VER	70.6
1047	courage	NOM	70.5
1048	toit	NOM	70.4
1049	salon	NOM	70.2
1050	trace	NOM	70.2
1051	gare	NOM	70.2
1052	justement	ADV	70.1
1053	note	NOM	70.1
1054	soin	NOM	70.1
1055	tableau	NOM	70.1
1056	foule	NOM	70.1
1057	forcer	VER	70.0
1058	a	NOM	70.0
1059	régler	VER	70.0
1060	créer	VER	70.0
1061	projet	NOM	69.8
1062	métier	NOM	69.8
1063	surveiller	VER	69.6
1064	but	NOM	69.4
1065	est	NOM	69.3
1066	hiver	NOM	69.2
1067	condition	NOM	69.2
1068	suivant	ADJ	69.0
1069	commun	ADJ	68.9
1070	société	NOM	68.8
1071	soulever	VER	68.8
1072	nécessaire	ADJ	68.7
1073	combat	NOM	68.7
1074	merveilleux	ADJ	68.7
1075	national	ADJ	68.6
1076	enfance	NOM	68.5
1077	marché	NOM	68.4
1078	réalité	NOM	68.3
1079	étoile	NOM	68.2
1080	mademoiselle	NOM	68.2
1081	troupe	NOM	68.2
1082	entourer	VER	68.0
1083	poisson	NOM	68.0
1084	lieutenant	NOM	68.0
1085	danger	NOM	67.9
1086	promener	VER	67.8
1087	fric	NOM	67.7
1088	secouer	VER	67.7
1089	contact	NOM	67.7
1090	chemise	NOM	67.5
1091	plage	NOM	67.5
1092	celui-là	PRO:dem	67.5
1093	pitié	NOM	67.2
1094	représenter	VER	67.2
1095	deuxième	ADJ	67.1
1096	dépêcher	VER	67.1
1097	oeuvre	NOM	67.1
1098	paquet	NOM	67.1
1099	éteindre	VER	67.1
1100	troisième	ADJ	67.0
1101	étendre	VER	66.9
1102	couloir	NOM	66.8
1103	mission	NOM	66.8
1104	causer	VER	66.8
1105	ennui	NOM	66.6
1106	radio	NOM	66.6
1107	importance	NOM	66.6
1108	vif	ADJ	66.4
1109	naturel	ADJ	66.4
1110	télé	NOM	66.3
1111	espace	NOM	66.2
1112	opération	NOM	66.1
1113	recherche	NOM	66.0
1114	chanson	NOM	65.7
1115	elle-même	PRO:per	65.7
1116	coûter	VER	65.6
1117	poitrine	NOM	65.5
1118	murmurer	VER	65.4
1119	expérience	NOM	65.4
1120	vol	NOM	65.4
1121	allonger	VER	65.4
1122	foi	NOM	65.3
1123	considérer	VER	65.2
1124	allô	ONO	65.2
1125	enfer	NOM	65.1
1126	attirer	VER	65.1
1127	désert	NOM	65.1
1128	chaussure	NOM	65.0
1129	adieu	NOM	64.8
1130	rapide	ADJ	64.8
1131	songer	VER	64.7
1132	règle	NOM	64.7
1133	héros	NOM	64.7
1134	plaindre	VER	64.5
1135	taper	VER	64.5
1136	spectacle	NOM	64.5
1137	sein	NOM	64.5
1138	bar	NOM	64.5
1139	gêner	VER	64.4
1140	adresser	VER	64.4
1141	enfermer	VER	64.3
1142	immense	ADJ	64.2
1143	dedans	ADV	64.1
1144	trembler	VER	64.1
1145	enfoncer	VER	64.0
1146	dossier	NOM	64.0
1147	malheureux	ADJ	64.0
1148	lune	NOM	63.9
1149	guère	ADV	63.9
1150	désormais	ADV	63.8
1151	téléphoner	VER	63.8
1152	désirer	VER	63.8
1153	commandant	NOM	63.8
1154	davantage	ADV	63.7
1155	relation	NOM	63.7
1156	terrain	NOM	63.7
1157	fatiguer	VER	63.6
1158	souffle	NOM	63.6
1159	ficher	VER	63.6
1160	prisonnier	NOM	63.6
1161	conscience	NOM	63.5
1162	voie	NOM	63.5
1163	ridicule	ADJ	63.5
1164	maladie	NOM	63.4
1165	décision	NOM	63.2
1166	magasin	NOM	63.1
1167	soit	CON	62.9
1168	habiller	VER	62.8
1169	pute	NOM	62.8
1170	exact	ADJ	62.7
1171	auprès	PRE	62.6
1172	connerie	NOM	62.6
1173	repas	NOM	62.6
1174	position	NOM	62.6
1175	auquel	PRO:int	62.5
1176	posséder	VER	62.5
1177	pomme	NOM	62.4
1178	toile	NOM	62.3
1179	sable	NOM	62.2
1180	immobile	ADJ	62.2
1181	euh	ONO	62.2
1182	libérer	VER	62.1
1183	virer	VER	62.1
1184	double	ADJ	62.1
1185	autrefois	ADV	62.0
1186	système	NOM	61.9
1187	adresse	NOM	61.9
1188	inventer	VER	61.8
1189	directeur	NOM	61.8
1190	ranger	VER	61.8
1191	poids	NOM	61.7
1192	presser	VER	61.6
1193	sortie	NOM	61.5
1194	tort	NOM	61.5
1195	dommage	NOM	61.5
1196	chasser	VER	61.4
1197	arrivée	NOM	61.3
1198	ministre	NOM	61.3
1199	lait	NOM	61.3
1200	existence	NOM	61.2
1201	volonté	NOM	61.0
1202	incroyable	ADJ	60.9
1203	hurler	VER	60.9
1204	ennuyer	VER	60.8
1205	moquer	VER	60.7
1206	passion	NOM	60.7
1207	dépasser	VER	60.7
1208	endormir	VER	60.7
1209	valise	NOM	60.7
1210	apprécier	VER	60.7
1211	fauteuil	NOM	60.6
1212	pote	NOM	60.6
1213	reculer	VER	60.6
1214	membre	NOM	60.5
1215	témoin	NOM	60.4
1216	bordel	NOM	60.3
1217	figure	NOM	60.3
1218	rare	ADJ	60.2
1219	destin	NOM	60.1
1220	construire	VER	60.1
1221	neige	NOM	60.1
1222	accorder	VER	60.1
1223	divers	ADJ	60.1
1224	meurtre	NOM	60.0
1225	bière	NOM	59.9
1226	intention	NOM	59.9
1227	patte	NOM	59.9
1228	taille	NOM	59.8
1229	risque	NOM	59.8
1230	rapporter	VER	59.7
1231	trait	NOM	59.7
1232	lampe	NOM	59.5
1233	produire	VER	59.4
1234	personnage	NOM	59.3
1235	ramasser	VER	59.3
1236	nombre	NOM	59.3
1237	plonger	VER	59.1
1238	interdire	VER	59.1
1239	château	NOM	58.9
1240	dresser	VER	58.9
1241	celui-ci	PRO:dem	58.9
1242	gorge	NOM	58.8
1243	rencontre	NOM	58.7
1244	attacher	VER	58.7
1245	interroger	VER	58.7
1246	écarter	VER	58.6
1247	nourrir	VER	58.5
1248	briser	VER	58.4
1249	quinze	ADJ:num	58.4
1250	lointain	ADJ	58.3
1251	lesquels	PRO:int	58.3
1252	parfaitement	ADV	58.3
1253	évidemment	ADV	58.2
1254	peindre	VER	58.2
1255	brusquement	ADV	58.1
1256	particulier	ADJ	58.0
1257	magnifique	ADJ	58.0
1258	déposer	VER	57.9
1259	intéressant	ADJ	57.9
1260	horreur	NOM	57.8
1261	curieux	ADJ	57.8
1262	unique	ADJ	57.8
1263	poil	NOM	57.7
1264	certainement	ADV	57.5
1265	spécial	ADJ	57.5
1266	signifier	VER	57.5
1267	mme	NOM	57.5
1268	piquer	VER	57.5
1269	déclarer	VER	57.4
1270	bonne	NOM	57.3
1271	plaisanter	VER	57.3
1272	aventure	NOM	57.3
1273	somme	NOM	57.3
1274	amitié	NOM	57.2
1275	anniversaire	NOM	57.2
1276	pleuvoir	VER	57.1
1277	planter	VER	57.1
1278	acte	NOM	57.1
1279	mine	NOM	57.0
1280	thé	NOM	56.9
1281	jeunesse	NOM	56.9
1282	italien	ADJ	56.9
1283	roman	NOM	56.9
1284	vache	NOM	56.8
1285	couple	NOM	56.8
1286	remplacer	VER	56.7
1287	événement	NOM	56.6
1288	entendu	ADJ	56.6
1289	folie	NOM	56.6
1290	acteur	NOM	56.5
1291	saluer	VER	56.4
1292	convenir	VER	56.3
1293	titre	NOM	56.3
1294	parfait	ADJ	56.2
1295	mince	ADJ	56.1
1296	toutes	ADJ:ind	56.1
1297	soi	PRO:per	56.1
1298	souffler	VER	56.0
1299	époux	NOM	56.0
1300	ange	NOM	55.9
1301	sacré	ADJ	55.7
1302	prononcer	VER	55.5
1303	confier	VER	55.5
1304	juge	NOM	55.5
1305	faible	ADJ	55.4
1306	secours	NOM	55.4
1307	aveugle	ADJ	55.4
1308	couteau	NOM	55.4
1309	débarrasser	VER	55.3
1310	souci	NOM	55.3
1311	grandir	VER	55.3
1312	taxi	NOM	55.3
1313	connaissance	NOM	55.3
1314	là-haut	ADV	55.2
1315	excellent	ADJ	55.2
1316	banque	NOM	55.1
1317	camion	NOM	55.1
1318	ben	NOM	55.1
1319	briller	VER	55.1
1320	autorité	NOM	55.0
1321	bataille	NOM	54.9
1322	lesquelles	PRO:int	54.9
1323	théâtre	NOM	54.8
1324	dessiner	VER	54.8
1325	admettre	VER	54.8
1326	conseiller	VER	54.7
1327	pantalon	NOM	54.7
1328	imbécile	NOM	54.6
1329	insister	VER	54.6
1330	méchant	ADJ	54.6
1331	lunette	NOM	54.3
1332	certaines	ADJ:ind	54.3
1333	toilette	NOM	54.3
1334	cents	ADJ:num	54.1
1335	port	NOM	54.0
1336	manteau	NOM	54.0
1337	stupide	ADJ	54.0
1338	nommer	VER	54.0
1339	balancer	VER	53.9
1340	récupérer	VER	53.9
1341	chasse	NOM	53.7
1342	caisse	NOM	53.7
1343	coupable	ADJ	53.7
1344	costume	NOM	53.7
1345	étude	NOM	53.6
1346	réaliser	VER	53.6
1347	nuage	NOM	53.5
1348	probablement	ADV	53.5
1349	responsable	ADJ	53.1
1350	pénétrer	VER	53.1
1351	veille	NOM	53.1
1352	renoncer	VER	53.1
1353	lors	ADV	53.0
1354	sauvage	ADJ	53.0
1355	environ	ADV	53.0
1356	solution	NOM	52.7
1357	croiser	VER	52.6
1358	voleur	NOM	52.6
1359	nombreux	ADJ	52.5
1360	finalement	ADV	52.4
1361	arrêt	NOM	52.4
1362	sexe	NOM	52.4
1363	demande	NOM	52.4
1364	amant	NOM	52.3
1365	achever	VER	52.2
1366	fusil	NOM	52.1
1367	patient	NOM	52.1
1368	disposer	VER	52.1
1369	éclairer	VER	52.0
1370	trente	ADJ:num	51.9
1371	agiter	VER	51.9
1372	refermer	VER	51.9
1373	sort	NOM	51.9
1374	base	NOM	51.8
1375	branche	NOM	51.8
1376	rideau	NOM	51.8
1377	midi	NOM	51.8
1378	fruit	NOM	51.8
1379	défense	NOM	51.6
1380	également	ADV	51.6
1381	rater	VER	51.6
1382	convaincre	VER	51.5
1383	prétendre	VER	51.5
1384	autrement	ADV	51.5
1385	poussière	NOM	51.4
1386	transformer	VER	51.4
1387	enfuir	VER	51.3
1388	exprimer	VER	51.3
1389	compagnon	NOM	51.1
1390	menacer	VER	51.1
1391	imposer	VER	51.0
1392	renvoyer	VER	51.0
1393	cadavre	NOM	50.9
1394	vider	VER	50.7
1395	épais	ADJ	50.7
1396	étudier	VER	50.7
1397	immeuble	NOM	50.6
1398	avaler	VER	50.6
1399	pendre	VER	50.5
1400	cesse	NOM	50.4
1401	croix	NOM	50.4
1402	ravir	VER	50.3
1403	admirer	VER	50.3
1404	vierge	ADJ	50.3
1405	différence	NOM	50.2
1406	quart	NOM	50.2
1407	innocent	ADJ	50.1
1408	mignon	ADJ	50.1
1409	durant	PRE	50.1
1410	pâle	ADJ	50.0
1411	crise	NOM	49.9
1412	artiste	NOM	49.9
1413	concerner	VER	49.9
1414	information	NOM	49.9
1415	queue	NOM	49.7
1416	caresser	VER	49.7
1417	effacer	VER	49.7
1418	veste	NOM	49.7
1419	absence	NOM	49.6
1420	refaire	VER	49.5
1421	miracle	NOM	49.5
1422	restaurant	NOM	49.5
1423	immédiatement	ADV	49.5
1424	respecter	VER	49.5
1425	flamme	NOM	49.4
1426	respect	NOM	49.3
1427	réunir	VER	49.3
1428	trottoir	NOM	49.1
1429	victoire	NOM	49.1
1430	monstre	NOM	49.1
1431	vitesse	NOM	49.0
1432	violence	NOM	49.0
1433	envers	PRE	49.0
1434	résultat	NOM	48.9
1435	futur	ADJ	48.9
1436	valeur	NOM	48.8
1437	hauteur	NOM	48.8
1438	là-dedans	ADV	48.8
1439	parier	VER	48.8
1440	terme	NOM	48.7
1441	mienne	PRO:pos	48.7
1442	rassurer	VER	48.6
1443	justice	NOM	48.6
1444	ouvrier	NOM	48.6
1445	peinture	NOM	48.6
1446	pointe	NOM	48.6
1447	nulle	ADJ:ind	48.6
1448	éclat	NOM	48.5
1449	prêtre	NOM	48.5
1450	attaque	NOM	48.5
1451	dépendre	VER	48.4
1452	soutenir	VER	48.4
1453	chaîne	NOM	48.3
1454	puissant	ADJ	48.3
1455	paysan	NOM	48.3
1456	masse	NOM	48.3
1457	mensonge	NOM	48.2
1458	zone	NOM	48.2
1459	couverture	NOM	48.2
1460	celle-ci	PRO:dem	48.1
1461	montre	NOM	48.1
1462	appareil	NOM	48.1
1463	expression	NOM	48.1
1464	précis	ADJ	48.0
1465	liste	NOM	47.9
1466	vaisseau	NOM	47.9
1467	quiconque	PRO:ind	47.9
1468	parfum	NOM	47.9
1469	charmant	ADJ	47.8
1470	source	NOM	47.8
1471	blague	NOM	47.7
1472	allié	NOM	47.7
1473	bombe	NOM	47.6
1474	comte	NOM	47.6
1475	marié	NOM	47.5
1476	organiser	VER	47.5
1477	exiger	VER	47.5
1478	perdu	ADJ	47.5
1479	article	NOM	47.4
1480	élève	NOM	47.3
1481	usine	NOM	47.3
1482	peser	VER	47.1
1483	supérieur	ADJ	47.1
1484	abattre	VER	47.0
1485	rompre	VER	47.0
1486	distance	NOM	47.0
1487	aile	NOM	47.0
1488	compris	ADJ	46.9
1489	quels	ADJ:int	46.8
1490	poing	NOM	46.8
1491	cuir	NOM	46.7
1492	drap	NOM	46.7
1493	mordre	VER	46.7
1494	succès	NOM	46.6
1495	discours	NOM	46.6
1496	intelligent	ADJ	46.6
1497	révéler	VER	46.5
1498	naturellement	ADV	46.5
1499	piste	NOM	46.5
1500	réparer	VER	46.4
1501	reine	NOM	46.4
1502	assister	VER	46.4
1503	brun	ADJ	46.4
1504	brillant	ADJ	46.4
1505	horrible	ADJ	46.3
1506	univers	NOM	46.3
1507	accuser	VER	46.3
1508	britannique	ADJ	46.3
1509	naissance	NOM	46.3
1510	vitre	NOM	46.3
1511	malin	ADJ	46.3
1512	mien	PRO:pos	46.2
1513	cerveau	NOM	46.2
1514	goutte	NOM	46.2
1515	miroir	NOM	46.2
1516	tache	NOM	46.2
1517	enterrer	VER	46.1
1518	goûter	VER	46.1
1519	boule	NOM	46.0
1520	laisse	NOM	45.9
1521	interrompre	VER	45.9
1522	survivre	VER	45.7
1523	principal	ADJ	45.7
1524	moteur	NOM	45.7
1525	égal	ADJ	45.6
1526	sympa	ADJ	45.6
1527	heureusement	ADV	45.6
1528	haïr	VER	45.5
1529	résister	VER	45.5
1530	obéir	VER	45.5
1531	attitude	NOM	45.5
1532	soigner	VER	45.4
1533	extérieur	NOM	45.4
1534	nerveux	ADJ	45.4
1535	indiquer	VER	45.3
1536	connard	NOM	45.2
1537	os	NOM	45.2
1538	chauffeur	NOM	45.2
1539	silencieux	ADJ	45.2
1540	leçon	NOM	45.1
1541	chier	VER	45.1
1542	nettoyer	VER	45.0
1543	dingue	ADJ	44.9
1544	contenter	VER	44.8
1545	uniforme	NOM	44.8
1546	étudiant	NOM	44.8
1547	génie	NOM	44.8
1548	oeuf	NOM	44.8
1549	fouiller	VER	44.8
1550	viande	NOM	44.7
1551	inspecteur	NOM	44.7
1552	réel	ADJ	44.7
1553	solitude	NOM	44.7
1554	crâne	NOM	44.7
1555	claquer	VER	44.7
1556	creuser	VER	44.6
1557	humeur	NOM	44.6
1558	cellule	NOM	44.6
1559	môme	NOM	44.6
1560	rapidement	ADV	44.6
1561	superbe	ADJ	44.5
1562	contenir	VER	44.5
1563	club	NOM	44.5
1564	attente	NOM	44.5
1565	puissance	NOM	44.4
1566	aise	NOM	44.4
1567	condamner	VER	44.4
1568	printemps	NOM	44.4
1569	blessé	NOM	44.3
1570	formidable	ADJ	44.3
1571	éternel	ADJ	44.2
1572	trahir	VER	44.2
1573	complet	ADJ	44.2
1574	palais	NOM	44.1
1575	qualité	NOM	44.1
1576	aube	NOM	44.1
1577	supplier	VER	44.1
1578	quai	NOM	44.0
1579	étouffer	VER	44.0
1580	fabriquer	VER	44.0
1581	faillir	VER	43.9
1582	fumée	NOM	43.8
1583	presse	NOM	43.8
1584	coincer	VER	43.8
1585	salope	NOM	43.8
1586	canon	NOM	43.7
1587	chinois	ADJ	43.7
1588	assassin	NOM	43.7
1589	gâteau	NOM	43.7
1590	siège	NOM	43.7
1591	remuer	VER	43.6
1592	bosser	VER	43.6
1593	visiter	VER	43.5
1594	élément	NOM	43.5
1595	examiner	VER	43.5
1596	kilomètre	NOM	43.5
1597	corde	NOM	43.5
1598	distinguer	VER	43.4
1599	net	ADJ	43.4
1600	douceur	NOM	43.4
1601	angoisse	NOM	43.4
1602	accueillir	VER	43.4
1603	étroit	ADJ	43.3
1604	danse	NOM	43.2
1605	rang	NOM	43.2
1606	gloire	NOM	43.1
1607	repousser	VER	43.0
1608	espagnol	ADJ	43.0
1609	contrôle	NOM	43.0
1610	émotion	NOM	43.0
1611	vieil	ADJ	43.0
1612	dessin	NOM	42.9
1613	repos	NOM	42.9
1614	vu	ADJ	42.9
1615	haine	NOM	42.8
1616	céder	VER	42.8
1617	échanger	VER	42.8
1618	social	ADJ	42.8
1619	joyeux	ADJ	42.8
1620	déplacer	VER	42.7
1621	véritable	ADJ	42.7
1622	cave	NOM	42.7
1623	par-dessus	PRE	42.6
1624	verser	VER	42.6
1625	détacher	VER	42.6
1626	fortune	NOM	42.6
1627	excuse	NOM	42.5
1628	évoquer	VER	42.5
1629	réunion	NOM	42.5
1630	inquiet	ADJ	42.5
1631	terrasse	NOM	42.3
1632	commettre	VER	42.3
1633	trésor	NOM	42.3
1634	certes	ADV	42.3
1635	tombe	NOM	42.3
1636	sourd	ADJ	42.1
1637	établir	VER	42.1
1638	alcool	NOM	42.1
1639	surgir	VER	42.1
1640	fantôme	NOM	42.1
1641	planète	NOM	42.0
1642	samedi	NOM	42.0
1643	arrivé	ADJ	42.0
1644	unité	NOM	41.9
1645	subir	VER	41.9
1646	creux	NOM	41.9
1647	franchir	VER	41.9
1648	don	NOM	41.8
1649	niveau	NOM	41.8
1650	mode	NOM	41.7
1651	lier	VER	41.6
1652	rat	NOM	41.6
1653	sage	ADJ	41.6
1654	provoquer	VER	41.5
1655	empire	NOM	41.5
1656	quelles	ADJ:int	41.4
1657	fidèle	ADJ	41.4
1658	rayon	NOM	41.4
1659	abri	NOM	41.3
1660	maigre	ADJ	41.3
1661	cuisse	NOM	41.2
1662	comité	NOM	41.2
1663	talent	NOM	41.1
1664	contrôler	VER	41.1
1665	honnête	ADJ	41.1
1666	vaste	ADJ	41.0
1667	colline	NOM	41.0
1668	fournir	VER	41.0
1669	réserver	VER	40.9
1670	au-delà	ADV	40.8
1671	saison	NOM	40.8
1672	région	NOM	40.7
1673	fesse	NOM	40.7
1674	rigoler	VER	40.7
1675	démon	NOM	40.7
1676	gardien	NOM	40.7
1677	lycée	NOM	40.7
1678	cinquante	ADJ:num	40.7
1679	celle-là	PRO:dem	40.6
1680	arabe	NOM	40.6
1681	utile	ADJ	40.5
1682	caractère	NOM	40.5
1683	tapis	NOM	40.5
1684	affreux	ADJ	40.5
1685	violent	ADJ	40.5
1686	jaloux	ADJ	40.5
1687	lent	ADJ	40.3
1688	maîtresse	NOM	40.3
1689	semblable	ADJ	40.2
1690	millier	NOM	40.2
1691	portrait	NOM	40.2
1692	recouvrir	VER	40.2
1693	accomplir	VER	40.1
1694	commissaire	NOM	40.0
1695	circonstance	NOM	40.0
1696	veiller	VER	40.0
1697	limite	NOM	40.0
1698	parfaire	VER	40.0
1699	rapprocher	VER	39.9
1700	surface	NOM	39.9
1701	total	ADJ	39.9
1702	retraite	NOM	39.8
1703	déchirer	VER	39.8
1704	venu	ADJ	39.8
1705	ordinaire	ADJ	39.7
1706	emmerder	VER	39.6
1707	enquête	NOM	39.6
1708	combattre	VER	39.6
1709	infirmier	NOM	39.6
1710	grec	ADJ	39.6
1711	agréable	ADJ	39.6
1712	affirmer	VER	39.6
1713	joindre	VER	39.5
1714	mystère	NOM	39.5
1715	conclure	VER	39.5
1716	style	NOM	39.5
1717	précipiter	VER	39.4
1718	choc	NOM	39.4
1719	fatigue	NOM	39.4
1720	rassembler	VER	39.3
1721	prière	NOM	39.3
1722	uns	PRO:ind	39.3
1723	obscur	ADJ	39.3
1724	opinion	NOM	39.3
1725	réduire	VER	39.2
1726	habituer	VER	39.2
1727	marre	ADV	39.1
1728	explication	NOM	39.0
1729	marque	NOM	39.0
1730	pot	NOM	39.0
1731	résoudre	VER	39.0
1732	assiette	NOM	38.9
1733	exploser	VER	38.9
1734	fermé	ADJ	38.9
1735	rattraper	VER	38.9
1736	tendresse	NOM	38.8
1737	énerver	VER	38.8
1738	louer	VER	38.8
1739	silhouette	NOM	38.7
1740	modèle	NOM	38.7
1741	territoire	NOM	38.7
1742	paysage	NOM	38.7
1743	vision	NOM	38.6
1744	parcourir	VER	38.6
1745	sou	NOM	38.6
1746	civil	ADJ	38.6
1747	banc	NOM	38.6
1748	souffrance	NOM	38.6
1749	brave	ADJ	38.6
1750	date	NOM	38.6
1751	botte	NOM	38.6
1752	enceinte	ADJ	38.5
1753	bouton	NOM	38.5
1754	vain	ADJ	38.5
1755	parc	NOM	38.4
1756	meuble	NOM	38.4
1757	désigner	VER	38.4
1758	flotter	VER	38.3
1759	tueur	NOM	38.2
1760	chasseur	NOM	38.2
1761	allure	NOM	38.2
1762	rivière	NOM	38.2
1763	charme	NOM	38.2
1764	imagination	NOM	38.1
1765	mise	NOM	38.1
1766	urgence	NOM	38.1
1767	série	NOM	38.1
1768	dessous	NOM	38.1
1769	cercle	NOM	38.0
1770	nourriture	NOM	37.9
1771	disque	NOM	37.9
1772	noter	VER	37.9
1773	bouffer	VER	37.9
1774	lâche	ADJ	37.9
1775	programme	NOM	37.8
1776	tâche	NOM	37.8
1777	cimetière	NOM	37.8
1778	extraordinaire	ADJ	37.7
1779	boutique	NOM	37.7
1780	matière	NOM	37.7
1781	physique	ADJ	37.7
1782	volant	NOM	37.7
1783	moral	ADJ	37.7
1784	plume	NOM	37.6
1785	soupirer	VER	37.6
1786	marchand	NOM	37.6
1787	coupe	NOM	37.6
1788	invité	NOM	37.6
1789	horizon	NOM	37.6
1790	envahir	VER	37.5
1791	frontière	NOM	37.5
1792	guérir	VER	37.5
1793	secrétaire	NOM	37.5
1794	furieux	ADJ	37.5
1795	pis	ADV	37.5
1796	examen	NOM	37.5
1797	origine	NOM	37.4
1798	loup	NOM	37.4
1799	égard	NOM	37.4
1800	barbe	NOM	37.3
1801	fiancé	NOM	37.3
1802	allée	NOM	37.3
1803	menace	NOM	37.2
1804	blessure	NOM	37.2
1805	sorcier	NOM	37.2
1806	lien	NOM	37.1
1807	lutter	VER	37.1
1808	charge	NOM	37.1
1809	changement	NOM	37.1
1810	perte	NOM	37.0
1811	invisible	ADJ	37.0
1812	esclave	NOM	37.0
1813	principe	NOM	37.0
1814	matériel	NOM	37.0
1815	cracher	VER	36.9
1816	hausser	VER	36.9
1817	manche	NOM	36.8
1818	participer	VER	36.8
1819	essentiel	NOM	36.8
1820	tantôt	ADV	36.8
1821	écrivain	NOM	36.8
1822	match	NOM	36.7
1823	communiste	NOM	36.7
1824	promenade	NOM	36.7
1825	redresser	VER	36.7
1826	incapable	ADJ	36.7
1827	mystérieux	ADJ	36.6
1828	voyager	VER	36.6
1829	contempler	VER	36.5
1830	privé	ADJ	36.4
1831	énergie	NOM	36.4
1832	carrière	NOM	36.3
1833	réserve	NOM	36.3
1834	apparemment	ADV	36.3
1835	éveiller	VER	36.3
1836	drogue	NOM	36.2
1837	ordonner	VER	36.2
1838	promesse	NOM	36.2
1839	adulte	NOM	36.2
1840	quelquefois	ADV	36.2
1841	raser	VER	36.2
1842	grimper	VER	36.1
1843	navire	NOM	36.1
1844	minuscule	ADJ	36.1
1845	foncer	VER	36.0
1846	sueur	NOM	36.0
1847	nation	NOM	36.0
1848	solide	ADJ	36.0
1849	chagrin	NOM	36.0
1850	policier	NOM	35.9
1851	fameux	ADJ	35.9
1852	lapin	NOM	35.9
1853	plateau	NOM	35.9
1854	figurer	VER	35.8
1855	inspirer	VER	35.8
1856	légèrement	ADV	35.8
1857	mouche	NOM	35.8
1858	vêtir	VER	35.8
1859	péché	NOM	35.7
1860	noble	ADJ	35.6
1861	criminel	NOM	35.6
1862	révolution	NOM	35.5
1863	centaine	NOM	35.5
1864	collègue	NOM	35.5
1865	rejeter	VER	35.5
1866	gras	ADJ	35.5
1867	angle	NOM	35.5
1868	lueur	NOM	35.4
1869	censé	ADJ	35.3
1870	bravo	ONO	35.2
1871	lecture	NOM	35.2
1872	soupe	NOM	35.1
1873	réclamer	VER	35.1
1874	conserver	VER	35.1
1875	mai	NOM	35.1
1876	régner	VER	35.1
1877	propriétaire	NOM	35.0
1878	confondre	VER	35.0
1879	douze	ADJ:num	35.0
1880	direct	ADJ	35.0
1881	géant	ADJ	35.0
1882	chocolat	NOM	34.9
1883	qu	CON	34.9
1884	procès	NOM	34.9
1885	résistance	NOM	34.9
1886	épreuve	NOM	34.9
1887	veuf	NOM	34.8
1888	retomber	VER	34.8
1889	étaler	VER	34.7
1890	grille	NOM	34.6
1891	détourner	VER	34.6
1892	clef	NOM	34.6
1893	ouest	NOM	34.6
1894	passe	NOM	34.5
1895	noyer	VER	34.5
1896	etc	ADV	34.5
1897	voile	NOM	34.4
1898	extrême	ADJ	34.4
1899	carré	NOM	34.4
1900	coffre	NOM	34.3
1901	fâcher	VER	34.3
1902	poule	NOM	34.3
1903	décrire	VER	34.3
1904	avertir	VER	34.2
1905	fleuve	NOM	34.2
1906	bel	ADJ	34.2
1907	boue	NOM	34.2
1908	curiosité	NOM	34.2
1909	minuit	NOM	34.2
1910	faveur	NOM	34.1
1911	contrat	NOM	34.1
1912	paupière	NOM	34.1
1913	inscrire	VER	34.1
1914	gâcher	VER	34.0
1915	constater	VER	34.0
1916	détendre	VER	34.0
1917	rechercher	VER	34.0
1918	chant	NOM	34.0
1919	baigner	VER	33.9
1920	masque	NOM	33.9
1921	domaine	NOM	33.9
1922	commandement	NOM	33.8
1923	bénir	VER	33.8
1924	bêtise	NOM	33.8
1925	fièvre	NOM	33.8
1926	curé	NOM	33.8
1927	période	NOM	33.8
1928	débrouiller	VER	33.8
1929	fatigué	ADJ	33.7
1930	soif	NOM	33.7
1931	champagne	NOM	33.7
1932	crainte	NOM	33.6
1933	col	NOM	33.6
1934	marin	NOM	33.6
1935	mesurer	VER	33.5
1936	effrayer	VER	33.5
1937	fonctionner	VER	33.5
1938	vieillard	NOM	33.4
1939	essuyer	VER	33.4
1940	cool	ADJ	33.4
1941	priver	VER	33.4
1942	sexuel	ADJ	33.3
1943	entreprise	NOM	33.3
1944	plaque	NOM	33.3
1945	poulet	NOM	33.3
1946	menton	NOM	33.3
1947	illusion	NOM	33.2
1948	jadis	ADV	33.2
1949	muet	ADJ	33.2
1950	chute	NOM	33.2
1951	rythme	NOM	33.2
1952	cochon	NOM	33.2
1953	prise	NOM	33.1
1954	code	NOM	33.1
1955	dominer	VER	33.1
1956	responsabilité	NOM	33.1
1957	évident	ADJ	33.1
1958	apparence	NOM	33.1
1959	récit	NOM	33.0
1960	boulevard	NOM	33.0
1961	majesté	NOM	33.0
1962	misère	NOM	33.0
1963	suspect	NOM	32.9
1964	directement	ADV	32.9
1965	ongle	NOM	32.9
1966	appliquer	VER	32.9
1967	employer	VER	32.8
1968	sensible	ADJ	32.8
1969	journaliste	NOM	32.8
1970	viser	VER	32.8
1971	difficulté	NOM	32.8
1972	pisser	VER	32.8
1973	avenue	NOM	32.7
1974	race	NOM	32.7
1975	auteur	NOM	32.7
1976	célèbre	ADJ	32.6
1977	maudit	ADJ	32.6
1978	échange	NOM	32.6
1979	félicitation	NOM	32.6
1980	duquel	PRO:int	32.6
1981	lutte	NOM	32.5
1982	démarrer	VER	32.5
1983	gaz	NOM	32.5
1984	sommet	NOM	32.5
1985	cruel	ADJ	32.4
1986	familier	ADJ	32.4
1987	sucre	NOM	32.4
1988	répandre	VER	32.4
1989	juin	NOM	32.3
1990	reprocher	VER	32.3
1991	plier	VER	32.3
1992	humide	ADJ	32.3
1993	central	ADJ	32.3
1994	bourgeois	NOM	32.2
1995	sud	NOM	32.2
1996	bâtiment	NOM	32.2
1997	coude	NOM	32.2
1998	précieux	ADJ	32.2
1999	linge	NOM	32.2
2000	roue	NOM	32.1
2001	patience	NOM	32.1
2002	opposer	VER	32.1
2003	sensation	NOM	32.1
2004	gonfler	VER	32.0
2005	grand-chose	PRO:ind	32.0
2006	pointer	VER	32.0
2007	science	NOM	32.0
2008	hâte	NOM	32.0
2009	vélo	NOM	32.0
2010	empereur	NOM	32.0
2011	lac	NOM	32.0
2012	facilement	ADV	31.9
2013	professionnel	ADJ	31.9
2014	obscurité	NOM	31.9
2015	texte	NOM	31.8
2016	cauchemar	NOM	31.8
2017	renverser	VER	31.7
2018	faîte	NOM	31.7
2019	là-dessus	ADV	31.7
2020	constituer	VER	31.7
2021	fuite	NOM	31.7
2022	franchement	ADV	31.7
2023	piège	NOM	31.7
2024	satisfaire	VER	31.6
2025	assurance	NOM	31.5
2026	enchanté	ADJ	31.5
2027	transporter	VER	31.5
2028	tarder	VER	31.4
2029	exécuter	VER	31.4
2030	signal	NOM	31.4
2031	essence	NOM	31.4
2032	délicat	ADJ	31.3
2033	frotter	VER	31.3
2034	foyer	NOM	31.3
2035	méfier	VER	31.3
2036	chrétien	ADJ	31.3
2037	emprunter	VER	31.3
2038	caméra	NOM	31.3
2039	créature	NOM	31.2
2040	usage	NOM	31.2
2041	activité	NOM	31.2
2042	ménage	NOM	31.2
2043	jupe	NOM	31.2
2044	statue	NOM	31.2
2045	août	NOM	31.2
2046	venger	VER	31.1
2047	longuement	ADV	31.1
2048	absurde	ADJ	31.1
2049	tristesse	NOM	31.1
2050	peintre	NOM	31.0
2051	roux	ADJ	31.0
2052	atelier	NOM	31.0
2053	colonne	NOM	31.0
2054	manque	NOM	31.0
2055	soie	NOM	31.0
2056	punir	VER	30.9
2057	concert	NOM	30.9
2058	gai	ADJ	30.9
2059	bloquer	VER	30.9
2060	exprès	ADJ	30.9
2061	idéal	ADJ	30.8
2062	composer	VER	30.8
2063	employé	NOM	30.7
2064	disputer	VER	30.7
2065	lundi	NOM	30.7
2066	confirmer	VER	30.7
2067	rage	NOM	30.7
2068	cogner	VER	30.6
2069	paradis	NOM	30.6
2070	jouir	VER	30.6
2071	fragile	ADJ	30.6
2072	bus	NOM	30.6
2073	sérieusement	ADV	30.6
2074	repasser	VER	30.5
2075	gant	NOM	30.5
2076	auto	NOM	30.5
2077	test	NOM	30.5
2078	cloche	NOM	30.5
2079	talon	NOM	30.5
2080	pilote	NOM	30.4
2081	carton	NOM	30.4
2082	huile	NOM	30.4
2083	serviette	NOM	30.4
2084	plafond	NOM	30.3
2085	bibliothèque	NOM	30.3
2086	exposer	VER	30.3
2087	nerf	NOM	30.3
2088	automne	NOM	30.3
2089	digne	ADJ	30.3
2090	chiffre	NOM	30.2
2091	efforcer	VER	30.2
2092	marrant	ADJ	30.1
2093	séjour	NOM	30.1
2094	liquide	NOM	30.1
2095	emploi	NOM	30.1
2096	cage	NOM	30.1
2097	accent	NOM	30.1
2098	organisation	NOM	30.0
2099	rumeur	NOM	30.0
2100	sienne	PRO:pos	30.0
2101	disposition	NOM	30.0
2102	débarquer	VER	30.0
2103	volontiers	ADV	30.0
2104	religieux	ADJ	30.0
2105	douche	NOM	30.0
2106	sécher	VER	29.9
2107	fonction	NOM	29.9
2108	religion	NOM	29.9
2109	enfoiré	NOM	29.9
2110	entretenir	VER	29.8
2111	poignée	NOM	29.8
2112	dissimuler	VER	29.8
2113	absolu	ADJ	29.8
2114	septembre	NOM	29.8
2115	quotidien	ADJ	29.8
2116	catholique	ADJ	29.8
2117	juillet	NOM	29.8
2118	guetter	VER	29.8
2119	métro	NOM	29.8
2120	regagner	VER	29.7
2121	officiel	ADJ	29.7
2122	to	NOM	29.6
2123	auxquels	PRO:int	29.6
2124	embarquer	VER	29.6
2125	voyageur	NOM	29.6
2126	régime	NOM	29.6
2127	informer	VER	29.6
2128	métal	NOM	29.5
2129	barrer	VER	29.5
2130	estimer	VER	29.5
2131	pression	NOM	29.5
2132	moderne	ADJ	29.5
2133	prudent	ADJ	29.5
2134	identité	NOM	29.5
2135	hélas	ONO	29.5
2136	ôter	VER	29.4
2137	trouble	NOM	29.4
2138	week-end	NOM	29.4
2139	afin de	PRE	29.4
2140	exercer	VER	29.4
2141	in	ADJ	29.4
2142	instrument	NOM	29.4
2143	nuque	NOM	29.4
2144	envoler	VER	29.3
2145	local	ADJ	29.3
2146	violer	VER	29.3
2147	outre	NOM	29.3
2148	poète	NOM	29.3
2149	user	VER	29.3
2150	épuiser	VER	29.3
2151	concentrer	VER	29.2
2152	cabinet	NOM	29.2
2153	pressé	ADJ	29.2
2154	craquer	VER	29.2
2155	repérer	VER	29.2
2156	génération	NOM	29.1
2157	mouiller	VER	29.1
2158	crétin	NOM	29.1
2159	poème	NOM	29.1
2160	armer	VER	29.1
2161	bagnole	NOM	29.1
2162	pompe	NOM	29.0
2163	singe	NOM	29.0
2164	échec	NOM	29.0
2165	prof	NOM	29.0
2166	épée	NOM	29.0
2167	eux-mêmes	PRO:per	29.0
2168	infini	ADJ	29.0
2169	tabac	NOM	28.9
2170	délicieux	ADJ	28.9
2171	moustache	NOM	28.9
2172	doré	ADJ	28.9
2173	percer	VER	28.9
2174	ceinture	NOM	28.9
2175	quarante	ADJ:num	28.9
2176	intervenir	VER	28.9
2177	semblant	NOM	28.9
2178	toi-même	PRO:per	28.9
2179	empreinte	NOM	28.8
2180	ordure	NOM	28.8
2181	préciser	VER	28.8
2182	désespoir	NOM	28.8
2183	identifier	VER	28.7
2184	gendarme	NOM	28.7
2185	raide	ADJ	28.7
2186	incliner	VER	28.7
2187	dévorer	VER	28.7
2188	drapeau	NOM	28.7
2189	ruine	NOM	28.7
2190	unir	VER	28.7
2191	boucher	VER	28.6
2192	reflet	NOM	28.6
2193	entièrement	ADV	28.6
2194	réaction	NOM	28.5
2195	discussion	NOM	28.5
2196	flingue	NOM	28.5
2197	rocher	NOM	28.5
2198	souris	NOM	28.5
2199	prétexte	NOM	28.5
2200	filet	NOM	28.5
2201	plante	NOM	28.4
2202	défaut	NOM	28.4
2203	inquiétude	NOM	28.4
2204	joueur	NOM	28.4
2205	avantage	NOM	28.4
2206	saigner	VER	28.3
2207	réagir	VER	28.3
2208	division	NOM	28.3
2209	vaguement	ADV	28.2
2210	consacrer	VER	28.2
2211	malheureusement	ADV	28.2
2212	persuader	VER	28.2
2213	possibilité	NOM	28.2
2214	cadre	NOM	28.2
2215	prénom	NOM	28.2
2216	monnaie	NOM	28.1
2217	enfiler	VER	28.1
2218	flot	NOM	28.1
2219	vertu	NOM	28.1
2220	électrique	ADJ	28.1
2221	emplir	VER	28.1
2222	paille	NOM	28.1
2223	mortel	ADJ	28.0
2224	bloc	NOM	28.0
2225	imiter	VER	28.0
2226	nager	VER	28.0
2227	tribunal	NOM	28.0
2228	pêche	NOM	28.0
2229	tasse	NOM	28.0
2230	revolver	NOM	28.0
2231	menu	ADJ	28.0
2232	désordre	NOM	27.9
2233	placard	NOM	27.9
2234	dizaine	NOM	27.9
2235	bal	NOM	27.9
2236	auparavant	ADV	27.9
2237	élevé	ADJ	27.9
2238	produit	NOM	27.8
2239	whisky	NOM	27.8
2240	université	NOM	27.8
2241	habituel	ADJ	27.8
2242	concours	NOM	27.8
2243	intelligence	NOM	27.8
2244	porc	NOM	27.8
2245	fondre	VER	27.8
2246	redevenir	VER	27.7
2247	culotte	NOM	27.7
2248	revanche	NOM	27.7
2249	signaler	VER	27.7
2250	décrocher	VER	27.7
2251	éclair	NOM	27.7
2252	cheminée	NOM	27.7
2253	seuil	NOM	27.7
2254	armoire	NOM	27.7
2255	menteur	NOM	27.6
2256	séance	NOM	27.6
2257	pourvoir	VER	27.6
2258	poupée	NOM	27.6
2259	gaffe	NOM	27.6
2260	veine	NOM	27.6
2261	habit	NOM	27.6
2262	comporter	VER	27.6
2263	soumettre	VER	27.5
2264	cabine	NOM	27.5
2265	sel	NOM	27.5
2266	enseigner	VER	27.5
2267	pratique	ADJ	27.5
2268	intime	ADJ	27.5
2269	piano	NOM	27.5
2270	publier	VER	27.5
2271	puer	VER	27.5
2272	décevoir	VER	27.5
2273	planche	NOM	27.5
2274	drame	NOM	27.4
2275	cérémonie	NOM	27.4
2276	onze	ADJ:num	27.4
2277	consulter	VER	27.3
2278	douloureux	ADJ	27.3
2279	sous-titrage	NOM	27.3
2280	entreprendre	VER	27.3
2281	exciter	VER	27.3
2282	voiler	VER	27.3
2283	estomac	NOM	27.3
2284	tradition	NOM	27.2
2285	pente	NOM	27.2
2286	luxe	NOM	27.2
2287	merveille	NOM	27.2
2288	soupçonner	VER	27.2
2289	aîné	NOM	27.2
2290	paire	NOM	27.2
2291	médicament	NOM	27.2
2292	ballon	NOM	27.2
2293	suggérer	VER	27.2
2294	troubler	VER	27.1
2295	critique	NOM	27.1
2296	fromage	NOM	27.1
2297	raccrocher	VER	27.1
2298	océan	NOM	27.1
2299	conséquence	NOM	27.1
2300	opérer	VER	27.1
2301	pré	NOM	27.0
2302	bagage	NOM	27.0
2303	rive	NOM	27.0
2304	aspect	NOM	27.0
2305	langage	NOM	27.0
2306	messe	NOM	27.0
2307	décor	NOM	27.0
2308	station	NOM	27.0
2309	lion	NOM	26.9
2310	tenue	NOM	26.9
2311	pile	NOM	26.9
2312	nègre	NOM	26.9
2313	regret	NOM	26.9
2314	piger	VER	26.9
2315	pistolet	NOM	26.9
2316	cavalier	NOM	26.8
2317	profondément	ADV	26.8
2318	vaincre	VER	26.8
2319	sourcil	NOM	26.7
2320	buter	VER	26.7
2321	approche	NOM	26.7
2322	libération	NOM	26.7
2323	poudre	NOM	26.7
2324	préféré	ADJ	26.7
2325	technique	ADJ	26.7
2326	forcément	ADV	26.7
2327	grange	NOM	26.7
2328	accès	NOM	26.7
2329	canard	NOM	26.7
2330	suspendre	VER	26.7
2331	jusque	PRE	26.7
2332	serpent	NOM	26.6
2333	serré	ADJ	26.6
2334	siffler	VER	26.6
2335	portier	NOM	26.6
2336	nana	NOM	26.6
2337	incident	NOM	26.6
2338	affronter	VER	26.6
2339	tien	PRO:pos	26.6
2340	crème	NOM	26.5
2341	mets	NOM	26.5
2342	tissu	NOM	26.5
2343	luire	VER	26.5
2344	fêter	VER	26.5
2345	complice	NOM	26.4
2346	couche	NOM	26.4
2347	tracer	VER	26.4
2348	poignet	NOM	26.4
2349	nouvel	ADJ	26.4
2350	magique	ADJ	26.4
2351	vieillir	VER	26.3
2352	bague	NOM	26.3
2353	aimable	ADJ	26.3
2354	la plupart des	ADJ:ind	26.3
2355	instruction	NOM	26.3
2356	écho	NOM	26.3
2357	orage	NOM	26.3
2358	patrie	NOM	26.3
2359	portée	NOM	26.3
2360	absent	ADJ	26.2
2361	flanc	NOM	26.2
2362	japonais	ADJ	26.2
2363	féminin	ADJ	26.2
2364	épargner	VER	26.2
2365	las	ADJ	26.2
2366	mlle	NOM	26.2
2367	liaison	NOM	26.1
2368	couvert	NOM	26.1
2369	instinct	NOM	26.1
2370	royal	ADJ	26.1
2371	pouce	NOM	26.1
2372	régulier	ADJ	26.0
2373	solitaire	ADJ	26.0
2374	certitude	NOM	26.0
2375	chevalier	NOM	26.0
2376	emparer	VER	26.0
2377	ménager	VER	26.0
2378	cravate	NOM	26.0
2379	chouette	ADJ	25.9
2380	comparer	VER	25.9
2381	comédie	NOM	25.9
2382	chou	NOM	25.9
2383	explosion	NOM	25.9
2384	raisonnable	ADJ	25.9
2385	tiroir	NOM	25.9
2386	envelopper	VER	25.9
2387	glacé	ADJ	25.8
2388	barque	NOM	25.8
2389	chapitre	NOM	25.8
2390	justifier	VER	25.8
2391	chauffer	VER	25.8
2392	vendredi	NOM	25.8
2393	découverte	NOM	25.8
2394	divin	ADJ	25.7
2395	approuver	VER	25.7
2396	particulièrement	ADV	25.7
2397	évidence	NOM	25.7
2398	façade	NOM	25.7
2399	auxquelles	PRO:int	25.7
2400	lame	NOM	25.7
2401	stop	NOM	25.6
2402	échouer	VER	25.6
2403	ascenseur	NOM	25.6
2404	assis	ADJ	25.6
2405	autoriser	VER	25.6
2406	culture	NOM	25.6
2407	rougir	VER	25.6
2408	zéro	NOM	25.5
2409	tempête	NOM	25.5
2410	guider	VER	25.5
2411	sergent	NOM	25.5
2412	tir	NOM	25.5
2413	balcon	NOM	25.5
2414	tailler	VER	25.5
2415	sport	NOM	25.4
2416	sien	PRO:pos	25.4
2417	dérouler	VER	25.4
2418	augmenter	VER	25.4
2419	coiffer	VER	25.4
2420	déconner	VER	25.4
2421	ras	NOM	25.4
2422	totalement	ADV	25.4
2423	télévision	NOM	25.4
2424	jugement	NOM	25.3
2425	soulager	VER	25.3
2426	fixe	ADJ	25.3
2427	orange	NOM	25.3
2428	fonder	VER	25.3
2429	populaire	ADJ	25.3
2430	tordre	VER	25.3
2431	gratter	VER	25.3
2432	conviction	NOM	25.3
2433	âgé	ADJ	25.3
2434	atmosphère	NOM	25.3
2435	vive	ONO	25.2
2436	élan	NOM	25.2
2437	équilibre	NOM	25.2
2438	tels	ADJ:ind	25.2
2439	marbre	NOM	25.2
2440	villa	NOM	25.2
2441	permission	NOM	25.1
2442	grain	NOM	25.1
2443	couille	NOM	25.1
2444	télégramme	NOM	25.1
2445	comptoir	NOM	25.1
2446	dit	ADJ	25.1
2447	parer	VER	25.1
2448	muscle	NOM	25.1
2449	champion	NOM	25.0
2450	commande	NOM	25.0
2451	écrouler	VER	25.0
2452	exercice	NOM	25.0
2453	écriture	NOM	25.0
2454	foutu	ADJ	25.0
2455	témoigner	VER	25.0
2456	dépit	NOM	25.0
2457	studio	NOM	24.9
2458	voeu	NOM	24.9
2459	étonnant	ADJ	24.9
2460	demi-heure	NOM	24.9
2461	traître	NOM	24.9
2462	éternité	NOM	24.9
2463	carreau	NOM	24.9
2464	fréquenter	VER	24.9
2465	pourri	ADJ	24.9
2466	méthode	NOM	24.9
2467	traduire	VER	24.9
2468	bonhomme	NOM	24.8
2469	laid	ADJ	24.8
2470	balayer	VER	24.8
2471	jeudi	NOM	24.8
2472	embêter	VER	24.8
2473	commerce	NOM	24.8
2474	exagérer	VER	24.8
2475	transmettre	VER	24.7
2476	bourrer	VER	24.7
2477	photographie	NOM	24.7
2478	vomir	VER	24.7
2479	garage	NOM	24.7
2480	population	NOM	24.7
2481	degré	NOM	24.6
2482	impressionner	VER	24.6
2483	écart	NOM	24.6
2484	pipe	NOM	24.6
2485	vallée	NOM	24.6
2486	union	NOM	24.6
2487	déshabiller	VER	24.6
2488	star	NOM	24.6
2489	sacrifice	NOM	24.6
2490	écrier	VER	24.6
2491	musée	NOM	24.5
2492	soucier	VER	24.5
2493	baron	NOM	24.5
2494	envisager	VER	24.5
2495	jaillir	VER	24.5
2496	miss	NOM	24.5
2497	panier	NOM	24.4
2498	impliquer	VER	24.4
2499	heurter	VER	24.4
2500	danseur	NOM	24.4
2501	boucle	NOM	24.4
2502	protester	VER	24.4
2503	marrer	VER	24.4
2504	discret	ADJ	24.3
2505	blé	NOM	24.3
2506	dénoncer	VER	24.3
2507	caillou	NOM	24.3
2508	satisfaction	NOM	24.3
2509	tiède	ADJ	24.3
2510	enterrement	NOM	24.3
2511	aiguille	NOM	24.3
2512	urgent	ADJ	24.3
2513	familial	ADJ	24.2
2514	crédit	NOM	24.2
2515	royaume	NOM	24.2
2516	courrier	NOM	24.2
2517	nier	VER	24.2
2518	file	NOM	24.2
2519	percevoir	VER	24.2
2520	classique	ADJ	24.2
2521	bâton	NOM	24.2
2522	ralentir	VER	24.2
2523	acier	NOM	24.2
2524	manifester	VER	24.2
2525	casquette	NOM	24.2
2526	situer	VER	24.1
2527	confus	ADJ	24.1
2528	progrès	NOM	24.1
2529	amusant	ADJ	24.1
2530	bougie	NOM	24.1
2531	barre	NOM	24.1
2532	chacune	PRO:ind	24.1
2533	assistant	NOM	24.1
2534	visiteur	NOM	24.1
2535	boucler	VER	24.0
2536	octobre	NOM	24.0
2537	tremper	VER	24.0
2538	rein	NOM	24.0
2539	compliqué	ADJ	24.0
2540	péter	VER	24.0
2541	brouillard	NOM	24.0
2542	shérif	NOM	24.0
2543	galerie	NOM	23.9
2544	légende	NOM	23.9
2545	alerte	NOM	23.9
2546	enregistrer	VER	23.9
2547	appétit	NOM	23.9
2548	éducation	NOM	23.9
2549	motif	NOM	23.9
2550	théorie	NOM	23.8
2551	brume	NOM	23.8
2552	humanité	NOM	23.8
2553	armé	ADJ	23.8
2554	précisément	ADV	23.8
2555	consoler	VER	23.8
2556	annuler	VER	23.8
2557	ambassadeur	NOM	23.8
2558	destiner	VER	23.8
2559	misérable	ADJ	23.8
2560	volet	NOM	23.7
2561	brique	NOM	23.7
2562	pli	NOM	23.7
2563	dignité	NOM	23.7
2564	déborder	VER	23.7
2565	tuyau	NOM	23.7
2566	précéder	VER	23.7
2567	matinée	NOM	23.6
2568	vôtre	PRO:pos	23.6
2569	tendu	ADJ	23.6
2570	fantastique	ADJ	23.6
2571	généreux	ADJ	23.5
2572	réveil	NOM	23.5
2573	écran	NOM	23.5
2574	meurtrier	NOM	23.5
2575	formule	NOM	23.5
2576	ressortir	VER	23.5
2577	précédent	ADJ	23.4
2578	émouvoir	VER	23.4
2579	secteur	NOM	23.4
2580	lumineux	ADJ	23.4
2581	individu	NOM	23.4
2582	brûlant	ADJ	23.4
2583	kilo	NOM	23.4
2584	voyou	NOM	23.4
2585	entretien	NOM	23.3
2586	réjouir	VER	23.3
2587	catastrophe	NOM	23.3
2588	concevoir	VER	23.3
2589	moine	NOM	23.3
2590	vente	NOM	23.3
2591	uniquement	ADV	23.3
2592	dépenser	VER	23.3
2593	jouet	NOM	23.3
2594	moche	ADJ	23.2
2595	bouquet	NOM	23.2
2596	mouillé	ADJ	23.2
2597	fini	ADJ	23.2
2598	logique	ADJ	23.2
2599	faiblesse	NOM	23.2
2600	plaine	NOM	23.2
2601	précaution	NOM	23.1
2602	marine	ADJ	23.1
2603	suicide	NOM	23.1
2604	jumeau	NOM	23.1
2605	vilain	ADJ	23.1
2606	assassiner	VER	23.1
2607	habitant	NOM	23.1
2608	mouchoir	NOM	23.1
2609	offre	NOM	23.0
2610	vidéo	ADJ	23.0
2611	gémir	VER	23.0
2612	enveloppe	NOM	23.0
2613	salade	NOM	23.0
2614	fichu	ADJ	23.0
2615	vous-même	PRO:per	23.0
2616	cendre	NOM	23.0
2617	hippo	NOM	23.0
2618	ivre	ADJ	23.0
2619	beurre	NOM	23.0
2620	conduite	NOM	23.0
2621	profondeur	NOM	23.0
2622	sacrifier	VER	22.9
2623	échelle	NOM	22.9
2624	aborder	VER	22.9
2625	endormi	ADJ	22.9
2626	mouton	NOM	22.8
2627	rarement	ADV	22.8
2628	délivrer	VER	22.8
2629	communiquer	VER	22.8
2630	soulier	NOM	22.7
2631	découper	VER	22.7
2632	jus	NOM	22.7
2633	littérature	NOM	22.7
2634	vengeance	NOM	22.6
2635	sain	ADJ	22.6
2636	insulter	VER	22.6
2637	canne	NOM	22.6
2638	rigueur	NOM	22.6
2639	semer	VER	22.6
2640	garer	VER	22.6
2641	brutal	ADJ	22.6
2642	redouter	VER	22.6
2643	outil	NOM	22.5
2644	carnet	NOM	22.5
2645	adopter	VER	22.5
2646	orgueil	NOM	22.5
2647	ouverture	NOM	22.5
2648	communication	NOM	22.5
2649	élégant	ADJ	22.5
2650	scandale	NOM	22.5
2651	cassé	ADJ	22.5
2652	réellement	ADV	22.4
2653	cabane	NOM	22.4
2654	domestique	NOM	22.4
2655	loger	VER	22.4
2656	pourrir	VER	22.4
2657	renseigner	VER	22.4
2658	saloperie	NOM	22.4
2659	envier	VER	22.3
2660	parisien	ADJ	22.3
2661	casque	NOM	22.3
2662	citer	VER	22.3
2663	quatrième	ADJ	22.3
2664	passager	NOM	22.3
2665	canal	NOM	22.3
2666	défaire	VER	22.3
2667	maréchal	NOM	22.3
2668	réflexion	NOM	22.2
2669	moto	NOM	22.2
2670	racine	NOM	22.2
2671	four	NOM	22.2
2672	tournée	NOM	22.2
2673	nôtres	PRO:pos	22.2
2674	citoyen	NOM	22.2
2675	cercueil	NOM	22.1
2676	cible	NOM	22.1
2677	affection	NOM	22.1
2678	assaut	NOM	22.1
2679	poubelle	NOM	22.1
2680	plaisanterie	NOM	22.1
2681	nocturne	ADJ	22.1
2682	mécanique	ADJ	22.1
2683	nôtre	PRO:pos	22.1
2684	véhicule	NOM	22.1
2685	perspective	NOM	22.0
2686	continue	ADJ	22.0
2687	revue	NOM	22.0
2688	flotte	NOM	22.0
2689	paisible	ADJ	22.0
2690	mépris	NOM	22.0
2691	connu	ADJ	22.0
2692	réputation	NOM	21.9
2693	traitement	NOM	21.9
2694	international	ADJ	21.9
2695	évanouir	VER	21.9
2696	soupir	NOM	21.9
2697	intact	ADJ	21.9
2698	distraire	VER	21.9
2699	couronne	NOM	21.9
2700	vase	NOM	21.9
2701	essai	NOM	21.8
2702	chic	ADJ	21.8
2703	amer	ADJ	21.8
2704	alliance	NOM	21.8
2705	telles	ADJ:ind	21.8
2706	profil	NOM	21.8
2707	mémé	NOM	21.8
2708	étirer	VER	21.8
2709	partenaire	NOM	21.8
2710	filmer	VER	21.8
2711	apaiser	VER	21.8
2712	fierté	NOM	21.8
2713	diamant	NOM	21.7
2714	défiler	VER	21.7
2715	laine	NOM	21.7
2716	médical	ADJ	21.7
2717	phare	NOM	21.7
2718	écrit	NOM	21.7
2719	propriété	NOM	21.7
2720	chapelle	NOM	21.7
2721	avril	NOM	21.6
2722	émission	NOM	21.6
2723	cité	NOM	21.6
2724	bâtir	VER	21.6
2725	abruti	NOM	21.6
2726	proie	NOM	21.6
2727	introduire	VER	21.6
2728	bousculer	VER	21.5
2729	correspondre	VER	21.5
2730	oreiller	NOM	21.5
2731	final	ADJ	21.5
2732	wagon	NOM	21.5
2733	indien	ADJ	21.5
2734	couvent	NOM	21.5
2735	hocher	VER	21.5
2736	plomb	NOM	21.4
2737	tente	NOM	21.4
2738	encourager	VER	21.4
2739	ouvrage	NOM	21.4
2740	cirque	NOM	21.4
2741	volontaire	ADJ	21.4
2742	bol	NOM	21.4
2743	interminable	ADJ	21.4
2744	baraque	NOM	21.4
2745	déménager	VER	21.4
2746	enthousiasme	NOM	21.4
2747	province	NOM	21.3
2748	reprise	NOM	21.3
2749	mépriser	VER	21.3
2750	collection	NOM	21.3
2751	promis	NOM	21.3
2752	proposition	NOM	21.3
2753	section	NOM	21.3
2754	projeter	VER	21.3
2755	ténèbres	NOM	21.3
2756	transport	NOM	21.2
2757	assemblée	NOM	21.2
2758	ours	NOM	21.2
2759	tronc	NOM	21.2
2760	grève	NOM	21.2
2761	protection	NOM	21.2
2762	attentif	ADJ	21.2
2763	congé	NOM	21.2
2764	massif	ADJ	21.2
2765	sentier	NOM	21.2
2766	modeste	ADJ	21.2
2767	cuisinier	NOM	21.2
2768	guerrier	NOM	21.1
2769	puce	NOM	21.1
2770	incendie	NOM	21.1
2771	terreur	NOM	21.1
2772	dalle	NOM	21.1
2773	déclencher	VER	21.1
2774	aéroport	NOM	21.1
2775	cigare	NOM	21.0
2776	intellectuel	ADJ	21.0
2777	cuire	VER	21.0
2778	indifférent	ADJ	21.0
2779	rock	NOM	21.0
2780	plastique	NOM	21.0
2781	maire	NOM	21.0
2782	combattant	NOM	21.0
2783	sincère	ADJ	21.0
2784	sacrer	VER	21.0
2785	sucer	VER	21.0
2786	commission	NOM	21.0
2787	indifférence	NOM	21.0
2788	permis	NOM	21.0
2789	adolescent	NOM	21.0
2790	chèque	NOM	20.9
2791	conférence	NOM	20.9
2792	renseignement	NOM	20.9
2793	heu	ONO	20.9
2794	panique	NOM	20.9
2795	développer	VER	20.9
2796	novembre	NOM	20.9
2797	fureur	NOM	20.9
2798	plainte	NOM	20.9
2799	taule	NOM	20.9
2800	cuivre	NOM	20.9
2801	bijoux	NOM	20.8
2802	déclaration	NOM	20.8
2803	timide	ADJ	20.8
2804	ambition	NOM	20.7
2805	demeure	NOM	20.7
2806	foie	NOM	20.7
2807	affecter	VER	20.7
2808	crayon	NOM	20.7
2809	suicider	VER	20.7
2810	ordinateur	NOM	20.7
2811	respiration	NOM	20.7
2812	impatience	NOM	20.7
2813	plancher	NOM	20.7
2814	quoique	CON	20.7
2815	carrefour	NOM	20.7
2816	clou	NOM	20.7
2817	pédé	NOM	20.6
2818	hanche	NOM	20.6
2819	chanteur	NOM	20.6
2820	puits	NOM	20.6
2821	pâte	NOM	20.6
2822	bouquin	NOM	20.6
2823	pénible	ADJ	20.6
2824	com	NOM	20.6
2825	mars	NOM	20.6
2826	compliquer	VER	20.6
2827	reçu	ADJ	20.6
2828	disparu	ADJ	20.6
2829	circuler	VER	20.5
2830	exécution	NOM	20.5
2831	contacter	VER	20.5
2832	poésie	NOM	20.5
2833	torturer	VER	20.5
2834	agence	NOM	20.5
2835	aspirer	VER	20.5
2836	mélange	NOM	20.5
2837	mèche	NOM	20.4
2838	décoller	VER	20.4
2839	document	NOM	20.4
2840	boche	NOM	20.4
2841	magie	NOM	20.4
2842	toutefois	ADV	20.4
2843	vitrine	NOM	20.4
2844	bouleverser	VER	20.4
2845	tragique	ADJ	20.4
2846	exception	NOM	20.4
2847	économie	NOM	20.4
2848	procurer	VER	20.4
2849	aigu	ADJ	20.4
2850	excellence	NOM	20.4
2851	polonais	ADJ	20.4
2852	hop	ONO	20.4
2853	piscine	NOM	20.4
2854	apparition	NOM	20.3
2855	débile	ADJ	20.3
2856	courageux	ADJ	20.3
2857	bavarder	VER	20.3
2858	étrangler	VER	20.3
2859	passant	NOM	20.3
2860	soviétique	ADJ	20.3
2861	planquer	VER	20.3
2862	bondir	VER	20.3
2863	consentir	VER	20.2
2864	ceux-là	PRO:dem	20.2
2865	geler	VER	20.2
2866	réciter	VER	20.2
2867	possession	NOM	20.2
2868	annonce	NOM	20.2
2869	féliciter	VER	20.2
2870	guide	NOM	20.2
2871	raccompagner	VER	20.1
2872	prolonger	VER	20.1
2873	quant	NOM	20.1
2874	concierge	NOM	20.1
2875	velours	NOM	20.1
2876	plaquer	VER	20.1
2877	asile	NOM	20.1
2878	pause	NOM	20.1
2879	gouverneur	NOM	20.1
2880	tranquillement	ADV	20.0
2881	animer	VER	20.0
2882	ronger	VER	20.0
2883	ticket	NOM	20.0
2884	comble	NOM	20.0
2885	redescendre	VER	20.0
2886	capitale	NOM	20.0
2887	copie	NOM	20.0
2888	recueillir	VER	20.0
2889	replier	VER	20.0
2890	tranchée	NOM	20.0
2891	mardi	NOM	20.0
2892	collier	NOM	20.0
2893	mou,mol	ADJ	19.9
2894	administration	NOM	19.9
2895	bouge	NOM	19.9
2896	définitif	ADJ	19.9
2897	décembre	NOM	19.9
2898	original	ADJ	19.9
2899	nécessité	NOM	19.9
2900	disparition	NOM	19.9
2901	opéra	NOM	19.8
2902	cueillir	VER	19.8
2903	serveur	NOM	19.8
2904	hôte	NOM	19.8
2905	scientifique	ADJ	19.8
2906	appui	NOM	19.8
2907	distribuer	VER	19.8
2908	immédiat	ADJ	19.8
2909	chuchoter	VER	19.8
2910	visible	ADJ	19.8
2911	mandat	NOM	19.8
2912	minable	ADJ	19.8
2913	char	NOM	19.7
2914	étape	NOM	19.7
2915	gré	NOM	19.7
2916	objectif	NOM	19.7
2917	panneau	NOM	19.7
2918	mâle	NOM	19.7
2919	chaussette	NOM	19.6
2920	profit	NOM	19.6
2921	plaie	NOM	19.6
2922	hum	ONO	19.6
2923	ambulance	NOM	19.6
2924	lisse	ADJ	19.6
2925	issue	NOM	19.6
2926	sévère	ADJ	19.6
2927	pari	NOM	19.6
2928	seize	ADJ:num	19.6
2929	anneau	NOM	19.6
2930	soupçon	NOM	19.6
2931	portefeuille	NOM	19.5
2932	clore	VER	19.5
2933	effondrer	VER	19.5
2934	savant	ADJ	19.5
2935	expert	NOM	19.5
2936	janvier	NOM	19.5
2937	quelconque	ADJ	19.5
2938	salaire	NOM	19.5
2939	tâcher	VER	19.5
2940	jalousie	NOM	19.4
2941	consister	VER	19.4
2942	espion	NOM	19.4
2943	latin	NOM	19.4
2944	canapé	NOM	19.4
2945	adjudant	NOM	19.4
2946	cassette	NOM	19.4
2947	procéder	VER	19.4
2948	fraîcheur	NOM	19.4
2949	séduire	VER	19.4
2950	paume	NOM	19.3
2951	triomphe	NOM	19.3
2952	légume	NOM	19.3
2953	démarche	NOM	19.3
2954	apprêter	VER	19.3
2955	tentative	NOM	19.3
2956	touriste	NOM	19.3
2957	cahier	NOM	19.3
2958	miens	PRO:pos	19.2
2959	deuil	NOM	19.2
2960	pratiquer	VER	19.2
2961	bonbon	NOM	19.2
2962	règlement	NOM	19.2
2963	réchauffer	VER	19.2
2964	collège	NOM	19.2
2965	siens	PRO:pos	19.2
2966	musicien	NOM	19.2
2967	suffisamment	ADV	19.2
2968	caresse	NOM	19.2
2969	maximum	NOM	19.2
2970	border	VER	19.2
2971	blouse	NOM	19.2
2972	éliminer	VER	19.2
2973	remords	NOM	19.2
2974	doubler	VER	19.2
2975	dette	NOM	19.1
2976	suprême	ADJ	19.1
2977	recommander	VER	19.1
2978	poumon	NOM	19.1
2979	amateur	NOM	19.1
2980	fasciner	VER	19.1
2981	voter	VER	19.1
2982	admirable	ADJ	19.0
2983	noce	NOM	19.0
2984	vaisselle	NOM	19.0
2985	reconnaissance	NOM	19.0
2986	brusque	ADJ	19.0
2987	succéder	VER	19.0
2988	enchanter	VER	19.0
2989	abbé	NOM	19.0
2990	comportement	NOM	19.0
2991	acquérir	VER	19.0
2992	la plupart	PRO:ind	19.0
2993	oubli	NOM	19.0
2994	grouiller	VER	19.0
2995	soigneusement	ADV	19.0
2996	contrer	VER	18.9
2997	longueur	NOM	18.9
2998	tube	NOM	18.9
2999	coupé	ADJ	18.9
3000	régiment	NOM	18.9
