# Tyska: de 3 000 första raderna i DeReWo, Korpusbasierte Wortgrundformenliste DeReWo, v-ww-bll-320000g-2012-12-31-1.0,
# http://www.ids-mannheim.de/derewo, © Institut für Deutsche Sprache, Programmbereich Korpuslinguistik, Mannheim, 2013.
# Licens: CC BY-NC 3.0 (http://creativecommons.org/licenses/by-nc/3.0/deed.de). Utdrag: rang = radnummer i listan
# (listan är sorterad efter frekvens), lemma, frekvensklass (0 = vanligast), ordklass när DeReWo anger den.
# Originalets licenstext (får inte tas bort):
# (zu zitieren als:)
# Korpusbasierte Wortgrundformenliste DeReWo, 
# v-ww-bll-320000g-2012-12-31-1.0, mit Benutzerdokumentation,
# http://www.ids-mannheim.de/derewo,
# © Institut für Deutsche Sprache, 
# Programmbereich Korpuslinguistik, 
# Mannheim, Deutschland, 2013.
# 
# Die Grundformenliste, die Dokumentation und die 
# allgemeinen Anmerkungen zu DeReWo bilden eine Einheit.
# Diese Lizenzbestimmung darf aus keinem der Dokumente 
# entfernt werden.
# 
# Dieses Werk ist unter die Creative Commons-Lizenz 
# (by-nc) gestellt 
# (http://creativecommons.org/licenses/by-nc/3.0/deed.de).
# 
# Namensnennung - Keine kommerzielle Nutzung 3.0 Unported
# 
# Sie dürfen:
# - das Werk vervielfältigen, verbreiten und öffentlich 
#   zugänglich machen 
# - Bearbeitungen des Werkes anfertigen 
# 
# Zu den folgenden Bedingungen:
# - Namensnennung. Sie müssen den Namen des Autors/
#   Rechteinhabers in der von ihm festgelegten Weise nennen 
#   (wodurch aber nicht der Eindruck entstehen darf, Sie 
#    oder die Nutzung des Werkes durch Sie würden entlohnt). 
# - Keine kommerzielle Nutzung. Dieses Werk darf nicht für 
#   kommerzielle Zwecke verwendet werden. 
# 
# Im Falle einer Verbreitung müssen Sie anderen die 
# Lizenzbedingungen, unter welche dieses Werk fällt, 
# mitteilen. Am Einfachsten ist es, einen Link auf die 
# o.g. Seite einzubinden. 
# 
# Jede der vorgenannten Bedingungen kann aufgehoben werden, 
# sofern Sie die Einwilligung des Rechteinhabers dazu erhalten. 
# 
# Diese Lizenz lässt die Urheberpersönlichkeitsrechte unberührt.
# -------------------------------------------------------------
#
1	der,die,das	0	DET
2	in	2	
3	und	2	
4	sein	3	V
5	ein(e)	3	DET
6	werden	3	
7	von	3	
8	mit	3	
9	der,die,das	3	PRON
10	haben	3	
11	im	4	
12	für	4	
13	sich	4	
14	auf	4	
15	zu	4	PREP
16	an	4	PREP
17	nicht	4	
18	es	4	
19	auch	4	
20	er	4	
21	als	4	
22	zu	4	CONJ
23	bei	4	
24	sein	4	PRON
25	sie	5	
26	dies(e,er,es)	5	
27	ein(e)	5	PRON
28	können	5	
29	nach	5	PREP
30	dass	5	
31	ihr	5	
32	zu	5	ADV
33	aus	5	
34	Jahr	5	
35	ich	5	
36	so	5	
37	noch	5	ADV
38	zum	5	
39	alle	5	
40	wir	5	
41	ein(e)	5	NUM
42	nur	5	
43	über	6	
44	am	6	
45	sollen	6	
46	oder	6	
47	vor	6	PREP
48	müssen	6	
49	Uhr	6	
50	geben	6	
51	zur	6	
52	neu	6	
53	man	6	
54	kein(e,er,es)	6	
55	aber	6	ADV
56	wie	6	CONJ
57	sagen	6	
58	gut	6	
59	durch	6	PREP
60	um	6	CONJ
61	kommen	6	
62	erst	6	ADJ
63	wollen	6	V
64	groß	6	
65	wenn	6	
66	andere	6	
67	gegen	6	
68	bis	6	ADV
69	gehen	6	
70	um	6	PREP
71	wie	6	ADV
72	mehr	6	ADV
73	vom	6	
74	schon	6	
75	machen	6	
76	bis	6	PREP
77	bis	6	CONJ
78	dann	6	
79	zwei	6	
80	wieder	6	
81	stehen	6	
82	viel	6	PRON
83	weit	6	
84	aber	7	CONJ
85	an	7	ADV
86	beim	7	
87	was	7	
88	sehen	7	
89	deutsch	7	
90	immer	7	
91	doch	7	ADV
92	finden	7	
93	unter	7	ADV
94	Prozent	7	
95	drei	7	
96	da	7	ADV
97	lassen	7	
98	jede(r,s)	7	
99	Zeit	7	
100	zwischen	7	
101	Kind	7	
102	hier	7	
103	seit	7	PREP
104	bereits	7	
105	vor	7	ADV
106	Euro	7	
107	Tag	7	
108	beide	7	
109	heute	7	
110	alt	7	
111	nun	7	ADV
112	damit	7	ADV
113	bleiben	7	
114	jetzt	7	
115	sehr	7	
116	dabei	7	
117	liegen	7	
118	Frau	7	
119	Mensch	7	
120	Stadt	7	
121	unser	7	
122	Land	7	
123	stellen	7	
124	sowie	7	
125	ab	7	PREP
126	hoch	7	
127	Sie	7	
128	nehmen	7	
129	letzte(r,s)	7	
130	Mann	7	
131	unter	7	PREP
132	weil	7	
133	klein	7	
134	zeigen	7	
135	dürfen	7	
136	zweite(r,s)	7	
137	denn	7	CONJ
138	ohne	7	PREP
139	lang	7	ADJ
140	etwa	7	
141	ganz	7	ADJ
142	ins	7	
143	erst	7	ADV
144	mein	7	
145	halten	7	
146	dort	7	
147	Ende	8	
148	sondern	8	CONJ
149	spielen	8	
150	bringen	8	
151	nach	8	ADV
152	führen	8	
153	jung	8	
154	uns	8	
155	eigen	8	
156	seit	8	CONJ
157	Woche	8	
158	ein	8	
159	vier	8	
160	doch	8	CONJ
161	wo	8	
162	einmal	8	
163	Platz	8	
164	einige(r,s)	8	
165	mehr	8	PRON
166	dazu	8	
167	Spiel	8	
168	Seite	8	
169	wer	8	
170	Haus	8	
171	allerdings	8	
172	wegen	8	
173	ihm	8	
174	wenig	8	PRON
175	jedoch	8	ADV
176	ganz	8	ADV
177	ob	8	CONJ
178	ja	8	
179	Sonntag	8	
180	stark	8	
181	Samstag	8	
182	selbst	8	
183	Leben	8	
184	nichts	8	
185	beginnen	8	
186	erhalten	8	
187	du	8	
188	heißen	8	
189	gestern	8	
190	gehören	8	
191	Million	8	
192	wichtig	8	
193	dafür	8	
194	Mark	8	
195	Frage	8	
196	kurz	8	
197	Teil	8	
198	zwar	8	
199	Arbeit	8	
200	Bild	8	
201	fünf	8	
202	welch(e,er,es)	8	
203	sprechen	8	
204	wissen	8	
205	also	8	
206	zweit	8	ADJ
207	setzen	8	
208	rund	8	ADV
209	vergangen	8	
210	Fall	8	
211	erklären	8	
212	gleich	8	ADJ
213	jährig	8	
214	ihn	8	
215	da	8	CONJ
216	fast	8	
217	Gemeinde	8	
218	nennen	8	
219	Mai	8	
220	gewinnen	8	
221	Was	8	
222	ab	8	ADV
223	Weg	8	
224	tun	8	
225	Thema	8	
226	Geschichte	8	
227	Welt	8	
228	Für	8	
229	mal	8	
230	solch(e,er,es)	8	
231	spät	8	
232	früh	8	
233	mögen	8	
234	möglich	8	
235	Mitglied	8	
236	Straße	8	
237	Monat	8	
238	schwer	8	
239	gelten	8	
240	einfach	8	
241	Grund	8	
242	Freitag	8	
243	etwas	8	PRON
244	Name	8	
245	Artikel	8	
246	bieten	8	
247	politisch	8	
248	Punkt	8	
249	nah	8	ADJ
250	gemeinsam	8	
251	neben	8	
252	Verein	8	
253	Minute	8	
254	treffen	8	
255	Polizei	8	
256	wohl	8	
257	Ich	8	
258	mir	8	
259	davon	8	
260	bekommen	8	
261	zehn	8	
262	September	8	
263	viel	8	ADJ
264	Problem	8	
265	um	8	ADV
266	Unternehmen	8	
267	sogar	8	
268	Patentamt	8	
269	während	8	PREP
270	Familie	8	
271	berichten	8	
272	leben	8	
273	schnell	8	
274	während	8	CONJ
275	Juni	8	
276	meinen	8	
277	folgen	8	
278	international	8	
279	März	8	
280	arbeiten	8	
281	Oktober	8	
282	Präsident	8	
283	bestehen	8	
284	Schule	8	
285	schreiben	8	
286	Ort	8	
287	fordern	8	
288	Geld	8	
289	Team	8	
290	frei	8	
291	ziehen	8	
292	Gast	8	
293	Mal	8	
294	Gruppe	8	
295	klar	8	
296	besonders	8	
297	bisher	8	
298	Beispiel	8	
299	gerade	8	ADV
300	erreichen	8	
301	bekannt	8	
302	steigen	8	
303	darauf	8	
304	gar	8	ADV
305	schaffen	8	
306	etwas	8	ADV
307	deutlich	8	
308	Mannschaft	8	
309	Stunde	8	
310	November	9	
311	sechs	9	
312	richtig	9	
313	Film	9	
314	Ziel	9	
315	Meter	9	
316	Mittwoch	9	
317	April	9	
318	August	9	
319	schön	9	
320	wenig	9	ADJ
321	Montag	9	
322	Kirche	9	
323	Juli	9	
324	Foto	9	
325	Regierung	9	
326	Erfolg	9	
327	laufen	9	
328	deshalb	9	
329	ohne	9	CONJ
330	außerdem	9	
331	Donnerstag	9	
332	ebenfalls	9	
333	feiern	9	
334	kaum	9	
335	sicher	9	ADJ
336	derzeit	9	
337	insgesamt	9	
338	Sieg	9	
339	verschieden	9	
340	Partei	9	
341	Trainer	9	
342	fahren	9	
343	Auf	9	
344	Januar	9	
345	Wort	9	
346	Tor	9	
347	Programm	9	
348	sorgen	9	
349	dritte(r,s)	9	NUM
350	Zahl	9	
351	Dezember	9	
352	Projekt	9	
353	Dienstag	9	
354	oft	9	
355	entstehen	9	
356	Werk	9	
357	zudem	9	
358	vielleicht	9	
359	ehemalig	9	
360	Information	9	
361	Art	9	
362	schließlich	9	
363	suchen	9	
364	zusammen	9	
365	treten	9	
366	Region	9	
367	dritt	9	
368	Wie	9	
369	erwarten	9	
370	rund	9	ADJ
371	öffentlich	9	
372	wollen	9	ADJ
373	später	9	
374	zurück	9	
375	nie	9	
376	planen	9	
377	legen	9	
378	tragen	9	
379	Hand	9	
380	Buch	9	
381	mehrere	9	
382	Staat	9	
383	Preis	9	
384	leicht	9	
385	einzig	9	
386	Februar	9	
387	Schüler	9	
388	Anfang	9	
389	entscheiden	9	
390	brauchen	9	
391	zunächst	9	ADV
392	denken	9	
393	offen	9	
394	Leute	9	
395	Chance	9	
396	pro	9	
397	Person	9	
398	acht	9	
399	übernehmen	9	
400	Kreis	9	
401	verlieren	9	
402	Herr	9	
403	Mitarbeiter	9	
404	Musik	9	
405	Ergebnis	9	
406	lange	9	
407	Bereich	9	
408	genau	9	ADJ
409	fehlen	9	
410	scheinen	9	
411	fallen	9	
412	damals	9	
413	Jahrhundert	9	
414	Vorsitzende	9	
415	natürlich	9	
416	Angabe	9	
417	erscheinen	9	
418	nachdem	9	
419	darüber	9	
420	knapp	9	
421	versuchen	9	
422	voll	9	
423	allein	9	ADV
424	Saison	9	
425	Gespräch	9	
426	weiter	9	
427	Auto	9	
428	Titel	9	
429	kommend	9	
430	Band	9	
431	europäisch	9	
432	Abend	9	
433	Zukunft	9	
434	weiß	9	
435	Einsatz	9	
436	Firma	9	
437	eher	9	
438	Bürgermeister	9	
439	Deutsche	9	
440	künftig	9	
441	handeln	9	
442	dagegen	9	
443	glauben	9	
444	trotz	9	
445	schlecht	9	
446	Diskussion	9	
447	befinden	9	
448	wirklich	9	
449	Folge	9	
450	Aber	9	
451	Eltern	9	
452	laut	9	PREP
453	hinter	9	PREP
454	zahlreich	9	
455	Möglichkeit	9	
456	daher	9	
457	Spieler	9	
458	Entscheidung	9	
459	Stelle	9	
460	Wahl	9	
461	eigentlich	9	
462	Zeitung	9	
463	fest	9	
464	gegenüber	9	
465	Jugendliche	9	
466	schlagen	9	
467	nutzen	9	
468	erfolgreich	9	
469	kennen	9	
470	ebenso	9	
471	erstmals	9	
472	Weblink	9	
473	danach	9	
474	folgend	9	
475	amerikanisch	9	
476	Raum	9	
477	Mutter	9	
478	Entwicklung	9	
479	Vater	9	
480	Besucher	9	
481	freuen	9	
482	helfen	9	
483	Bürger	9	
484	Stück	9	
485	Bank	9	
486	jeweils	9	
487	sieben	9	NUM
488	statt	9	PREP
489	Grüne	9	
490	Sache	9	
491	denn	9	ADV
492	Politik	9	
493	wählen	9	
494	Deutsch	9	
495	Wochenende	9	
496	zuvor	9	
497	Hilfe	9	
498	schließen	9	
499	Telefon	9	
500	warum	9	
501	Beginn	9	
502	Angebot	9	
503	Rolle	9	
504	Beitrag	9	
505	besondere	9	
506	Ausstellung	9	
507	sitzen	9	
508	direkt	9	ADJ
509	erzählen	9	
510	Freund	9	
511	inzwischen	9	
512	Höhe	9	
513	teilen	9	
514	Nacht	9	
515	Fußball	9	
516	wenig	9	ADV
517	Veranstaltung	9	
518	Mitte	9	
519	daran	9	
520	französisch	9	
521	Gesellschaft	9	
522	manch(e,er,es)	9	
523	obwohl	9	
524	zusätzlich	9	
525	Autor	9	
526	bauen	9	
527	unterstützen	9	
528	verstehen	9	
529	Markt	9	
530	Form	9	
531	Sohn	9	
532	hören	9	
533	zählen	9	
534	rechnen	9	
535	fragen	9	
536	Maßnahme	9	
537	aktuell	9	
538	Aufgabe	9	
539	Blick	9	
540	Amt	9	
541	rot	9	
542	hin	9	
543	zuletzt	9	
544	Chef	9	
545	wirken	9	
546	Auge	9	
547	Politiker	9	
548	einzeln	9	
549	sterben	9	
550	Klasse	9	
551	starten	9	
552	dennoch	9	
553	Betrieb	9	
554	offiziell	9	
555	Leistung	9	
556	Kilometer	9	
557	hoffen	9	
558	Stimme	9	
559	sozial	9	
560	Richtung	9	
561	Tod	9	
562	erneut	9	
563	bilden	9	
564	bezeichnen	9	
565	Literatur	9	
566	präsentieren	9	
567	lernen	9	
568	erinnern	9	
569	bestätigen	9	
570	Kosten	9	
571	Recht	9	
572	überhaupt	9	
573	Interesse	9	
574	anders	9	
575	Wasser	9	
576	heutig	9	
577	lesen	9	
578	Krieg	9	
579	gesamt	9	
580	Kunst	9	
581	je	9	ADV
582	Kopf	9	
583	Rahmen	9	
584	Internet	9	
585	recht	9	
586	lieb	9	
587	Milliarde	9	
588	ändern	9	
589	Idee	9	
590	Zuschauer	9	
591	Führung	9	
592	Kritik	9	
593	Universität	9	
594	Dollar	9	
595	wachsen	9	
596	völlig	9	
597	Lage	9	
598	Mädchen	9	
599	Kraft	9	
600	Sinn	9	
601	tatsächlich	9	
602	holen	9	
603	persönlich	9	
604	Bau	9	
605	Bericht	9	
606	ob	9	PREP
607	Verfügung	9	
608	bald	9	
609	Situation	9	
610	Publikum	9	
611	ähnlich	9	ADJ
612	laden	9	
613	öffnen	9	
614	durch	9	ADV
615	gelingen	9	
616	entsprechend	9	ADJ
617	privat	9	
618	warten	9	
619	Opfer	9	
620	Zug	9	
621	Museum	10	
622	Konzert	10	
623	Wirtschaft	10	
624	Wert	10	
625	Karte	10	
626	historisch	10	
627	bislang	10	
628	entsprechen	10	
629	bestimmt	10	ADJ
630	positiv	10	
631	falsch	10	
632	Kunde	10	
633	eben	10	ADV
634	zumindest	10	
635	Kampf	10	
636	einsetzen	10	
637	stammen	10	
638	Bühne	10	
639	Man	10	
640	weiterhin	10	
641	Schweizer	10	NN
642	per	10	
643	melden	10	
644	verletzen	10	
645	verlassen	10	V
646	Satz	10	
647	stimmen	10	
648	kosten	10	
649	Quelle	10	
650	Tochter	10	
651	schwarz	10	
652	Text	10	
653	laut	10	ADJ
654	Sommer	10	
655	Bad	10	
656	Gericht	10	
657	Aktion	10	
658	Grenze	10	
659	niemand	10	
660	bedeuten	10	
661	Klub	10	
662	jene(r,s)	10	
663	Kontakt	10	
664	Künstler	10	
665	paar	10	PRON
666	damit	10	CONJ
667	verbinden	10	
668	Bevölkerung	10	
669	aktiv	10	
670	Verlag	10	
671	genau	10	ADV
672	Plan	10	
673	anbieten	10	
674	Bund	10	
675	mindestens	10	
676	viel	10	ADV
677	bitten	10	
678	werfen	10	
679	Tier	10	
680	Theater	10	
681	drohen	10	
682	englisch	10	
683	aufnehmen	10	
684	Meinung	10	
685	modern	10	ADJ
686	Schritt	10	
687	sonst	10	
688	Gebiet	10	
689	rufen	10	
690	Geschäft	10	
691	entwickeln	10	
692	Gebäude	10	
693	Partie	10	
694	nämlich	10	ADV
695	erhöhen	10	
696	häufig	10	
697	eröffnen	10	
698	hart	10	
699	erkennen	10	
700	gering	10	
701	Sprache	10	
702	Kultur	10	
703	Teilnehmer	10	
704	Berliner	10	NN
705	reichen	10	
706	zahlen	10	
707	allgemein	10	
708	österreichisch	10	
709	fühlen	10	
710	Vertrag	10	
711	leisten	10	
712	Erfahrung	10	
713	technisch	10	
714	sofort	10	
715	Runde	10	
716	britisch	10	
717	Gesetz	10	
718	neun	10	
719	gerne	10	
720	weisen	10	
721	beispielsweise	10	
722	Reihe	10	
723	vorstellen	10	
724	tief	10	
725	Geburtstag	10	
726	Hinweis	10	
727	sowohl	10	
728	Bahn	10	
729	Wohnung	10	
730	unterschiedlich	10	
731	meist	10	
732	zwölf	10	
733	russisch	10	
734	betragen	10	
735	halb	10	
736	Berliner	10	ADJ
737	betonen	10	
738	Unterstützung	10	
739	gründen	10	
740	dadurch	10	
741	Junge	10	
742	Gegner	10	
743	Hälfte	10	
744	Vorstand	10	
745	vertreten	10	
746	innerhalb	10	PREP
747	Arzt	10	
748	verwenden	10	
749	finanziell	10	
750	Vertreter	10	
751	gern	10	
752	Lösung	10	
753	trotzdem	10	ADV
754	Fahrzeug	10	
755	Liste	10	
756	Leiter	10	
757	Kollege	10	
758	lediglich	10	
759	jemand	10	
760	täglich	10	
761	sichern	10	
762	Sport	10	
763	darunter	10	
764	schwierig	10	
765	Weise	10	
766	Institut	10	
767	eng	10	
768	Sprecher	10	
769	dienen	10	
770	Union	10	
771	wünschen	10	
772	Bedeutung	10	
773	Herz	10	
774	gleichzeitig	10	
775	notwendig	10	
776	Druck	10	
777	oben	10	
778	Zusammenarbeit	10	
779	dein	10	
780	Dorf	10	
781	bisherig	10	
782	darin	10	
783	Begriff	10	
784	Start	10	
785	System	10	
786	Mittel	10	
787	katholisch	10	
788	weltweit	10	
789	beschreiben	10	
790	Jugend	10	
791	Niederlage	10	
792	Besuch	10	
793	verhindern	10	
794	Rede	10	
795	früher	10	
796	Gott	10	
797	besuchen	10	
798	musikalisch	10	
799	wechseln	10	
800	erleben	10	
801	Info	10	
802	teuer	10	
803	beschließen	10	
804	bevor	10	
805	ergeben	10	
806	Sicherheit	10	
807	kämpfen	10	
808	Schloss	10	
809	verkaufen	10	
810	kritisieren	10	
811	Soldat	10	
812	Boden	10	
813	Ding	10	
814	wirtschaftlich	10	
815	Fan	10	
816	wesentlich	10	
817	selten	10	
818	Linie	10	
819	verantwortlich	10	
820	kaufen	10	
821	erfolgen	10	
822	Angst	10	
823	mittlerweile	10	
824	Anmeldung	10	
825	singen	10	
826	erfahren	10	V
827	sogenannt	10	
828	durchaus	10	
829	Vergleich	10	
830	viert	10	
831	anschließend	10	
832	Liebe	10	
833	Behörde	10	
834	Vorschlag	10	
835	darum	10	
836	nötig	10	
837	Organisation	10	
838	längst	10	
839	immerhin	10	
840	äußern	10	
841	endlich	10	ADV
842	zufrieden	10	
843	Feuerwehr	10	
844	jährlich	10	
845	national	10	
846	Gefahr	10	
847	Leitung	10	
848	Aussage	10	
849	reden	10	
850	beteiligen	10	
851	zuständig	10	
852	Auftritt	10	
853	scheitern	10	
854	breit	10	
855	Konzept	10	
856	dauern	10	
857	Prozess	10	
858	Verband	10	
859	Stand	10	
860	verlangen	10	
861	Volk	10	
862	leider	10	
863	Dienst	10	
864	evangelisch	10	
865	nämlich	10	ADJ
866	bereit	10	
867	Ministerpräsident	10	
868	wobei	10	
869	Täter	10	
870	weder	10	
871	Medium	10	
872	vierte(r,s)	10	
873	lösen	10	
874	enthalten	10	
875	ursprünglich	10	
876	Kurs	10	
877	Lehrer	10	
878	Mehrheit	10	
879	Glück	10	
880	hängen	10	
881	Rang	10	
882	erzielen	10	
883	ankündigen	10	
884	stattfinden	10	
885	morgen	10	
886	diesmal	10	
887	einladen	10	
888	Vorjahr	10	
889	traditionell	10	
890	Strecke	10	
891	entdecken	10	
892	italienisch	10	
893	versprechen	10	
894	passieren	10	
895	insbesondere	10	
896	Hotel	10	
897	links	10	ADV
898	verdienen	10	
899	Meister	10	
900	Vorstellung	10	
901	belegen	10	
902	leiten	10	
903	Wunsch	10	
904	übrig	10	
905	zugleich	10	
906	hinaus	10	
907	Herbst	10	
908	Bezirk	10	
909	Bruder	10	
910	Zusammenhang	10	
911	Arbeitsplatz	10	
912	verzichten	10	
913	gewiss	10	
914	bestimmen	10	
915	Gemeinderat	10	
916	verbessern	10	
917	Parlament	10	
918	fördern	10	
919	Experte	10	
920	Schaden	10	
921	je	10	PREP
922	Aus	10	
923	Regel	10	
924	Rat	10	
925	Anlage	10	
926	Position	10	
927	Krankenhaus	10	
928	Hoffnung	10	
929	jugendlich	10	
930	Wettbewerb	10	
931	jedenfalls	10	
932	somit	10	
933	außer	10	
934	Lied	10	
935	geraten	10	
936	Datum	10	
937	Geschäftsführer	10	
938	kündigen	10	
939	Abschluss	10	
940	warnen	10	
941	Fuß	10	
942	erklärt	10	
943	Einrichtung	10	
944	Antrag	10	
945	Zentrum	10	
946	abschließen	10	
947	nein	10	
948	plötzlich	10	
949	Auftrag	10	
950	Lauf	10	
951	überzeugen	10	
952	Rennen	10	
953	Urteil	10	
954	König	10	
955	darstellen	10	
956	Treffen	10	
957	liefern	10	
958	Antwort	10	
959	hingegen	10	
960	reagieren	10	
961	Dame	10	
962	Liga	10	
963	Sitzung	10	
964	Verhältnis	10	
965	Roman	10	
966	informieren	10	
967	Licht	10	
968	Einwohner	10	
969	Einzelnachweis	10	
970	speziell	10	
971	Anteil	10	
972	Tat	10	
973	Nummer	10	
974	besitzen	10	
975	genug	10	
976	Nähe	10	
977	mitteilen	10	
978	teilweise	10	
979	Motto	10	
980	Sicht	10	
981	offenbar	10	
982	Verfahren	10	
983	rein	10	ADJ
984	organisieren	10	
985	richten	10	
986	Unfall	10	
987	Modell	10	
988	Forderung	10	
989	Tür	10	
990	stets	10	
991	stoßen	10	
992	grün	10	
993	Natur	10	
994	Alter	10	
995	sinken	10	
996	Freude	10	
997	lauten	10	
998	bezahlen	10	
999	Standort	10	
1000	Serie	10	
1001	Produkt	10	
1002	Streit	10	
1003	greifen	10	
1004	Verhandlung	10	
1005	Gesicht	10	
1006	Luft	10	
1007	herrschen	10	
1008	Wald	10	
1009	staatlich	10	
1010	Fehler	10	
1011	Hintergrund	10	
1012	Franke	10	
1013	konkret	10	
1014	ständig	10	
1015	Spitze	10	
1016	Ausbildung	10	
1017	Kanton	10	
1018	Rathaus	10	
1019	enden	10	
1020	stecken	10	
1021	Ball	10	
1022	Professor	10	
1023	Menge	10	
1024	regelmäßig	10	
1025	der/die/dasselbe	10	
1026	verändern	10	
1027	beenden	10	
1028	tätig	10	
1029	Schluss	10	
1030	echt	10	
1031	Sekunde	10	
1032	interessant	10	
1033	Verbindung	10	
1034	angesichts	10	
1035	Spaß	10	
1036	Kandidat	10	
1037	Alte	10	
1038	Personendatum	10	
1039	aufgrund	10	
1040	Vorwurf	10	
1041	Bahnhof	10	
1042	Szene	10	
1043	Patient	10	
1044	teilnehmen	10	
1045	Ausgabe	10	
1046	Landkreis	10	
1047	Grad	10	
1048	Gefühl	10	
1049	Versuch	10	
1050	Redaktion	10	
1051	Ansicht	10	
1052	wohnen	10	
1053	manchmal	10	
1054	elf	10	
1055	Baum	10	
1056	veröffentlichen	10	
1057	entfernt	10	
1058	Konzern	10	
1059	passen	10	
1060	vergessen	10	
1061	heiß	10	
1062	her	10	
1063	Angriff	10	
1064	beweisen	10	
1065	Insel	10	
1066	Bewegung	10	
1067	komplett	10	
1068	Pause	10	
1069	diskutieren	10	
1070	Anlass	10	
1071	Chor	10	
1072	Bundesregierung	10	
1073	gestalten	10	
1074	wahrscheinlich	10	
1075	drehen	10	
1076	absolut	10	
1077	erheblich	10	
1078	Koalition	10	
1079	Moment	10	
1080	Morgen	10	
1081	Partner	10	
1082	wahr	10	
1083	Fahrer	10	
1084	Reise	10	
1085	Sitz	10	
1086	Anspruch	10	
1087	verurteilen	10	
1088	Nachricht	10	
1089	Weltkrieg	10	
1090	entscheidend	10	
1091	prüfen	10	
1092	Engagement	10	
1093	Brief	10	
1094	Initiative	10	
1095	Gewalt	10	
1096	bewegen	10	
1097	schauen	10	
1098	interessieren	10	
1099	schwach	10	
1100	ermöglichen	10	
1101	besetzen	10	
1102	Energie	10	
1103	normal	10	
1104	Berg	10	
1105	Finale	10	
1106	Vortrag	10	
1107	übrigens	10	
1108	Richter	10	
1109	Termin	10	
1110	unbekannt	10	
1111	Fest	10	
1112	Winter	10	
1113	betroffen	10	
1114	Turnier	10	
1115	begrüßen	10	
1116	vorhanden	10	
1117	retten	10	
1118	Gewinn	10	
1119	Umsatz	10	
1120	Verkehr	10	
1121	Ausland	10	
1122	sammeln	10	
1123	unterwegs	10	
1124	tot	10	
1125	betreiben	10	
1126	Vergangenheit	10	
1127	Technik	10	
1128	Tisch	10	
1129	Musiker	10	
1130	geschehen	10	
1131	töten	10	
1132	Hauptstadt	10	
1133	Stimmung	10	
1134	Öffentlichkeit	10	
1135	Eindruck	10	
1136	Beziehung	10	
1137	Fraktion	10	
1138	verfügen	10	
1139	Hof	10	
1140	toll	10	
1141	Veröffentlichung	10	
1142	Student	10	
1143	einstellen	10	
1144	noch	10	CONJ
1145	Abschnitt	10	
1146	Zeichen	10	
1147	Heimat	10	
1148	Verkauf	10	
1149	gefährlich	10	
1150	See	10	
1151	Macht	10	
1152	Karriere	10	
1153	Haushalt	10	
1154	Verwaltung	10	
1155	Qualität	10	
1156	Studie	10	
1157	umfassen	10	
1158	Truppe	10	
1159	verweisen	10	
1160	Osten	10	
1161	Farbe	10	
1162	Datei	10	
1163	Wagen	10	
1164	Bundesliga	10	
1165	sportlich	10	
1166	Kindergarten	10	
1167	Abgeordnete	10	
1168	erläutern	10	
1169	schützen	10	
1170	Müller	10	
1171	Stadtrat	10	
1172	obere	10	
1173	Produktion	10	
1174	Kommission	10	
1175	Post	10	
1176	Fernsehen	10	
1177	beschäftigen	10	
1178	möglichst	10	
1179	behaupten	10	
1180	errichten	10	
1181	Spur	10	
1182	zentral	10	
1183	Untersuchung	10	
1184	Wetter	10	
1185	Änderung	10	
1186	Feld	10	
1187	bayerisch	10	
1188	beziehen	10	
1189	Gedanke	10	
1190	damalig	10	
1191	behandeln	10	
1192	feststellen	10	
1193	Verlust	10	
1194	laufend	10	
1195	praktisch	10	
1196	erlauben	10	
1197	rechts	10	ADV
1198	Wissen	10	
1199	unabhängig	10	
1200	klassisch	10	
1201	langsam	10	
1202	brechen	10	
1203	Gut	10	
1204	erste(r,s)	10	
1205	heftig	10	
1206	Beruf	10	
1207	begleiten	10	
1208	Gelegenheit	10	
1209	schätzen	10	
1210	landen	10	
1211	eben	10	ADJ
1212	Erinnerung	10	
1213	Infobox	10	
1214	antreten	10	
1215	Nachfolger	10	
1216	Interview	10	
1217	Halle	11	
1218	endgültig	11	
1219	überraschen	11	
1220	bunt	11	
1221	Jahrzehnt	11	
1222	zufolge	11	
1223	selber	11	
1224	verschwinden	11	
1225	Kontrolle	11	
1226	Flughafen	11	
1227	Schilling	11	
1228	betreffen	11	
1229	Pfarrer	11	
1230	Fahrt	11	
1231	Hund	11	
1232	gefallen	11	
1233	wissenschaftlich	11	
1234	ablehnen	11	
1235	ersetzen	11	
1236	ergänzen	11	
1237	erfüllen	11	
1238	Stiftung	11	
1239	Stein	11	
1240	Bauer	11	
1241	veranstalten	11	
1242	zwingen	11	
1243	indem	11	
1244	Eintritt	11	
1245	vorsehen	11	
1246	direkt	11	ADV
1247	jüdisch	11	
1248	vergeben	11	
1249	paar	11	ADJ
1250	Höhepunkt	11	
1251	Gruß	11	
1252	aufbauen	11	
1253	funktionieren	11	
1254	freiwillig	11	
1255	fliegen	11	
1256	Meisterschaft	11	
1257	Star	11	
1258	grundsätzlich	11	
1259	Gewerkschaft	11	
1260	regional	11	
1261	betrachten	11	
1262	türkisch	11	
1263	Tour	11	
1264	einst	11	
1265	Schauspieler	11	
1266	Zeitpunkt	11	
1267	Staatsanwaltschaft	11	
1268	Konflikt	11	
1269	angeblich	11	
1270	Reform	11	
1271	betont	11	
1272	unmittelbar	11	
1273	Erde	11	
1274	vorher	11	
1275	Sorge	11	
1276	westlich	11	ADJ
1277	Unterschied	11	
1278	gegeben	11	
1279	kritisch	11	
1280	beobachten	11	
1281	Manager	11	
1282	Beamter	11	
1283	niedrig	11	
1284	frisch	11	
1285	Journalist	11	
1286	Sänger	11	
1287	Vorteil	11	
1288	Unter	11	
1289	los	11	ADV
1290	Generation	11	
1291	Suche	11	
1292	ohnehin	11	
1293	spanisch	11	
1294	wiederum	11	
1295	Krise	11	
1296	Sonne	11	
1297	Körper	11	
1298	Sieger	11	
1299	Heute	11	
1300	reich	11	
1301	genießen	11	
1302	Drittel	11	
1303	link	11	
1304	Polizist	11	
1305	dank	11	
1306	Schutz	11	
1307	Bundestag	11	
1308	la	11	
1309	durchführen	11	
1310	Treffer	11	
1311	Jetzt	11	
1312	Job	11	
1313	Regisseur	11	
1314	Tradition	11	
1315	Gegensatz	11	
1316	Handel	11	
1317	zerstören	11	
1318	Figur	11	
1319	Schiff	11	
1320	daraus	11	
1321	unbedingt	11	
1322	Training	11	
1323	Auflage	11	
1324	klingen	11	
1325	gesetzt	11	
1326	abgeben	11	
1327	Gottesdienst	11	
1328	üblich	11	
1329	blau	11	
1330	erwähnen	11	
1331	Wiener	11	NN
1332	heimisch	11	
1333	vermitteln	11	
1334	zuerst	11	
1335	gelangen	11	
1336	Minister	11	
1337	ermitteln	11	
1338	Erklärung	11	
1339	vorbereiten	11	
1340	Zustand	11	
1341	Nachmittag	11	
1342	verloren	11	
1343	verfolgen	11	
1344	Gastgeber	11	
1345	Einfluss	11	
1346	stellvertretend	11	
1347	Wiener	11	ADJ
1348	Gelände	11	
1349	Armee	11	
1350	empfehlen	11	
1351	Nürnberger	11	
1352	heraus	11	
1353	golden	11	
1354	Einheit	11	
1355	Leser	11	
1356	intensiv	11	
1357	Verletzung	11	
1358	Stadtteil	11	
1359	Verantwortung	11	
1360	annehmen	11	
1361	Kino	11	
1362	Ob	11	
1363	loben	11	
1364	schlimm	11	
1365	verlaufen	11	
1366	ex	11	
1367	durchsetzen	11	
1368	berühmt	11	
1369	Arm	11	
1370	Garten	11	
1371	finanzieren	11	
1372	geschlossen	11	
1373	stolz	11	
1374	städtisch	11	
1375	Fläche	11	
1376	umsetzen	11	
1377	rasch	11	
1378	treiben	11	
1379	Aktie	11	
1380	Umgebung	11	
1381	Rest	11	
1382	menschlich	11	
1383	klären	11	
1384	schießen	11	
1385	bitte	11	
1386	bestehend	11	
1387	Tonne	11	
1388	überall	11	
1389	Bedingung	11	
1390	wenden	11	
1391	bestreiten	11	
1392	aufs	11	
1393	Voraussetzung	11	
1394	Bildung	11	
1395	Ereignis	11	
1396	Ton	11	
1397	kräftig	11	
1398	Bayer	11	
1399	umstritten	11	
1400	Inhalt	11	
1401	Konkurrenz	11	
1402	Einführung	11	
1403	Grundlage	11	
1404	massiv	11	
1405	relativ	11	
1406	Frühjahr	11	
1407	Anschluss	11	
1408	ausländisch	11	
1409	glücklich	11	
1410	Brücke	11	
1411	geboren	11	
1412	zunehmend	11	
1413	Album	11	
1414	erweitern	11	
1415	bewusst	11	
1416	Angeklagte	11	
1417	prägen	11	
1418	Wein	11	
1419	auftreten	11	
1420	betreuen	11	
1421	Provinz	11	
1422	Papier	11	
1423	GmbH	11	
1424	lehnen	11	
1425	Bewohner	11	
1426	Vorbereitung	11	
1427	Debatte	11	
1428	Version	11	
1429	zeichnen	11	
1430	sinnvoll	11	
1431	investieren	11	
1432	vielmehr	11	
1433	Republik	11	
1434	kostenlos	11	
1435	Reich	11	
1436	scharf	11	
1437	Bus	11	
1438	eindeutig	11	
1439	Freiheit	11	
1440	stürzen	11	
1441	erheben	11	
1442	Feuer	11	
1443	Bischof	11	
1444	Verbandsgemeinde	11	
1445	begründen	11	
1446	Traum	11	
1447	Gymnasium	11	
1448	Risiko	11	
1449	Saal	11	
1450	kalt	11	
1451	günstig	11	
1452	Direktor	11	
1453	Detail	11	
1454	Ausbau	11	
1455	Material	11	
1456	Büro	11	
1457	Auswahl	11	
1458	Regie	11	
1459	produzieren	11	
1460	Tatsache	11	
1461	Ihnen	11	
1462	einigen	11	
1463	Park	11	
1464	Darstellung	11	
1465	Protest	11	
1466	Studium	11	
1467	sperren	11	
1468	Senior	11	
1469	Nation	11	
1470	Himmel	11	
1471	möglicherweise	11	
1472	Bundesland	11	
1473	Funktion	11	
1474	Begegnung	11	
1475	Quadratmeter	11	
1476	verabschieden	11	
1477	Ruhe	11	
1478	Basis	11	
1479	Netz	11	
1480	kümmern	11	
1481	sparen	11	
1482	Widerstand	11	
1483	leer	11	
1484	Ursache	11	
1485	genauso	11	
1486	verteilen	11	
1487	räumen	11	
1488	Burg	11	
1489	West	11	
1490	vorbei	11	
1491	Förderung	11	
1492	Industrie	11	
1493	Eröffnung	11	
1494	Rand	11	
1495	reisen	11	
1496	einrichten	11	
1497	Messe	11	
1498	Gerät	11	
1499	Zwei	11	
1500	Stern	11	
1501	Link	11	
1502	Planung	11	
1503	Stadion	11	
1504	Gang	11	
1505	Dank	11	
1506	vermutlich	11	
1507	Norden	11	
1508	rücken	11	
1509	eins	11	
1510	fließen	11	
1511	danken	11	
1512	Schriftsteller	11	
1513	kürzlich	11	
1514	Größe	11	
1515	japanisch	11	
1516	Zweifel	11	
1517	Mittelpunkt	11	
1518	Wirkung	11	
1519	bloß	11	
1520	mehrfach	11	
1521	Geist	11	
1522	unten	11	
1523	überraschend	11	
1524	ernst	11	
1525	Computer	11	
1526	Wechsel	11	
1527	Waffe	11	
1528	zweimal	11	
1529	fertig	11	
1530	Fenster	11	
1531	verbieten	11	
1532	Krankheit	11	
1533	freilich	11	
1534	ruhig	11	
1535	hinzu	11	
1536	Dach	11	
1537	beliebt	11	
1538	Stil	11	
1539	bisschen	11	
1540	Wissenschaft	11	
1541	Reaktion	11	
1542	Veränderung	11	
1543	riesig	11	
1544	Bein	11	
1545	Veranstalter	11	
1546	Gold	11	
1547	Tätigkeit	11	
1548	Schwester	11	
1549	Kreuz	11	
1550	Premiere	11	
1551	Erwachsene	11	
1552	herstellen	11	
1553	Maschine	11	
1554	hervor	11	VRZ
1555	Opposition	11	
1556	kehren	11	
1557	Investition	11	
1558	verstärken	11	
1559	studieren	11	
1560	Westen	11	
1561	fällen	11	
1562	olympisch	11	
1563	benötigen	11	
1564	endlich	11	ADJ
1565	Teilnahme	11	
1566	hundert	11	
1567	Spende	11	
1568	widmen	11	
1569	Amerikaner	11	
1570	heuer	11	
1571	Kommentar	11	
1572	statt	11	CONJ
1573	befürchten	11	
1574	chinesisch	11	
1575	profitieren	11	
1576	militärisch	11	
1577	erforderlich	11	
1578	heben	11	
1579	Bundesrat	11	
1580	Frankfurter	11	
1581	Tanz	11	
1582	verleihen	11	
1583	Struktur	11	
1584	Blatt	11	
1585	existieren	11	
1586	Helfer	11	
1587	lachen	11	
1588	engagieren	11	
1589	Hochschule	11	
1590	Jude	11	
1591	gebären	11	
1592	ums	11	
1593	einführen	11	
1594	Beschluss	11	
1595	nahe	11	
1596	dahin	11	
1597	beraten	11	
1598	Bilanz	11	
1599	bedeutend	11	
1600	Station	11	
1601	erweisen	11	
1602	Münchner	11	NN
1603	Nachbar	11	
1604	beschäftigt	11	
1605	Ordnung	11	
1606	kulturell	11	
1607	Aktivität	11	
1608	Auskunft	11	
1609	fassen	11	
1610	israelisch	11	
1611	drücken	11	
1612	Erkenntnis	11	
1613	Wand	11	
1614	begeistert	11	
1615	demokratisch	11	
1616	leiden	11	
1617	entwickelt	11	
1618	letztlich	11	
1619	Festival	11	
1620	behalten	11	
1621	Sein	11	
1622	vermuten	11	
1623	Autofahrer	11	
1624	Aufnahme	11	
1625	perfekt	11	
1626	trennen	11	
1627	ausgehen	11	
1628	spannend	11	
1629	Süden	11	
1630	Ja	11	
1631	vermeiden	11	
1632	Auseinandersetzung	11	
1633	steigern	11	
1634	Tote	11	
1635	südlich	11	ADJ
1636	Sanierung	11	
1637	polnisch	11	
1638	gesund	11	
1639	Beteiligung	11	
1640	gesetzlich	11	
1641	Alternative	11	
1642	Kommune	11	
1643	Beschäftigte	11	
1644	Auszeichnung	11	
1645	aussehen	11	
1646	erleiden	11	
1647	Anwalt	11	
1648	Eintracht	11	
1649	unterscheiden	11	
1650	Angehörige	11	
1651	vorerst	11	
1652	lieben	11	
1653	beitragen	11	
1654	vorne	11	
1655	bemühen	11	
1656	Anfrage	11	
1657	Liter	11	
1658	Landtag	11	
1659	Galerie	11	
1660	drängen	11	
1661	schicken	11	
1662	Kategorie	11	
1663	Brand	11	
1664	benutzen	11	
1665	Show	11	
1666	ziemlich	11	ADV
1667	Restaurant	11	
1668	Frieden	11	
1669	Senat	11	
1670	reduzieren	11	
1671	Praxis	11	
1672	daraufhin	11	
1673	Steuer	11	
1674	jeweilig	11	
1675	Botschaft	11	
1676	Mannheimer	11	
1677	blicken	11	
1678	Umgang	11	
1679	Schuld	11	
1680	Branche	11	
1681	Umwelt	11	
1682	Strom	11	
1683	gegründet	11	
1684	Beratung	11	
1685	dunkel	11	
1686	Beweis	11	
1687	Mainzer	11	NN
1688	wenigstens	11	
1689	Presse	11	
1690	Ernst	11	
1691	Architekt	11	
1692	attraktiv	11	
1693	doppelt	11	
1694	Abteilung	11	
1695	absolvieren	11	
1696	zunehmen	11	
1697	Gründung	11	
1698	Argument	11	
1699	billig	11	
1700	typisch	11	
1701	entweder	11	
1702	der/die/dasjenige	11	
1703	Auftakt	11	
1704	Innenstadt	11	
1705	bundesweit	11	
1706	Tipp	11	
1707	Ausdruck	11	
1708	Nu	11	
1709	bekennen	11	
1710	streng	11	
1711	Wahrheit	11	
1712	gelungen	11	
1713	Fluss	11	
1714	siegen	11	
1715	Feier	11	
1716	Paar	11	
1717	Beamte	11	
1718	deswegen	11	
1719	Börse	11	
1720	Song	11	
1721	Mord	11	
1722	Galle	11	
1723	wann	11	
1724	Schwerpunkt	11	
1725	spüren	11	
1726	Instrument	11	
1727	klagen	11	
1728	Komponist	11	
1729	Oper	11	
1730	ans	11	
1731	weg	11	
1732	fein	11	
1733	Nord	11	
1734	Parkplatz	11	
1735	dick	11	
1736	Forschung	11	
1737	Regelung	11	
1738	bereiten	11	
1739	Ost	11	
1740	Arbeitgeber	11	
1741	langjährig	11	
1742	ansonsten	11	
1743	Umstand	11	
1744	ausbauen	11	
1745	zitieren	11	
1746	Rückkehr	11	
1747	Bezeichnung	11	
1748	Fischer	11	
1749	verpflichten	11	
1750	führend	11	
1751	erwerben	11	
1752	miteinander	11	
1753	Rechnung	11	
1754	gelt	11	
1755	vorliegen	11	
1756	ausschließen	11	
1757	Außenminister	11	
1758	Zweck	11	
1759	extrem	11	
1760	Umfrage	11	
1761	Verdacht	11	
1762	Ausnahme	11	
1763	Bundesrepublik	11	
1764	ansehen	11	
1765	Nachfrage	11	
1766	aufgeben	11	
1767	Ruf	11	
1768	negativ	11	
1769	vorlegen	11	
1770	Verhalten	11	
1771	Holz	11	
1772	Lager	11	
1773	Ring	11	
1774	warm	11	
1775	Wille	11	
1776	andererseits	11	
1777	Demokratie	11	
1778	interessiert	11	
1779	enorm	11	
1780	pflegen	11	
1781	Grundschule	11	
1782	Sturm	11	
1783	Temperatur	11	
1784	Wind	11	
1785	Vogel	11	
1786	Entwurf	11	
1787	Anschlag	11	
1788	stören	11	
1789	akzeptieren	11	
1790	Anhänger	11	
1791	Ermittlung	11	
1792	Rock	11	
1793	werben	11	
1794	fürchten	11	
1795	Prinzip	11	
1796	regieren	11	
1797	Flugzeug	11	
1798	aufmerksam	11	
1799	streichen	11	
1800	Konsequenz	11	
1801	Coach	11	
1802	spätestens	11	
1803	Aufstieg	11	
1804	üben	11	
1805	Kaiser	11	
1806	Navigationsleiste	11	
1807	trainieren	11	
1808	Not	11	
1809	Ortsteil	11	
1810	Kloster	11	
1811	Zimmer	11	
1812	geeignet	11	
1813	anlegen	11	
1814	christlich	11	
1815	zurückkehren	11	
1816	Pferd	11	
1817	Schuss	11	
1818	verteidigen	11	
1819	untersuchen	11	
1820	Neubau	11	
1821	Hersteller	11	
1822	bedrohen	11	
1823	Ebene	11	
1824	Gesundheit	11	
1825	Papst	11	
1826	fern	11	ADJ
1827	Element	11	
1828	Sortierung	11	
1829	außerhalb	11	PREP
1830	Ensemble	11	
1831	künstlerisch	11	
1832	Wissenschaftler	11	
1833	auslösen	11	
1834	eingehen	11	
1835	daneben	11	
1836	umfangreich	11	
1837	sämtlich(e,er,es)	11	
1838	übertragen	11	V
1839	ehrenamtlich	11	
1840	Service	11	
1841	Spiegel	11	
1842	Essen	11	
1843	Gemeinschaft	11	
1844	Profi	11	
1845	Keller	11	
1846	falls	11	
1847	Tabelle	11	
1848	locken	11	
1849	medizinisch	11	
1850	ungewöhnlich	11	
1851	stärken	11	
1852	merken	11	
1853	Süd	11	
1854	online	11	
1855	Ausgleich	11	
1856	stoppen	11	
1857	gesellschaftlich	11	
1858	dir	11	
1859	fangen	11	
1860	Trend	11	
1861	divers	11	
1862	Haft	11	
1863	übergeben	11	
1864	Graf	11	
1865	Kauf	11	
1866	essen	11	
1867	umfassend	11	
1868	raten	11	
1869	Niveau	11	
1870	Klinik	11	
1871	nördlich	11	ADJ
1872	durchschnittlich	11	
1873	Rücktritt	11	
1874	verlängern	11	
1875	Zustimmung	11	
1876	Gegenteil	11	
1877	springen	11	
1878	anfangen	11	
1879	Wunder	11	
1880	Nachwuchs	11	
1881	General	11	
1882	Meer	11	
1883	tanzen	11	
1884	Sammlung	11	
1885	Alltag	11	
1886	überprüfen	11	
1887	Cup	11	
1888	entlang	11	PREP
1889	Variante	11	
1890	weiblich	11	
1891	Urlaub	11	
1892	Wolf	11	
1893	Landschaft	11	
1894	Verständnis	11	
1895	Schwierigkeit	11	
1896	Drei	11	
1897	Halbzeit	11	
1898	Haar	11	
1899	Test	11	
1900	Bündnis	11	
1901	dringend	11	
1902	fürs	11	
1903	Russland	11	
1904	Kooperation	11	
1905	sicherlich	11	
1906	offensichtlich	11	
1907	willkommen	11	
1908	Methode	11	
1909	verbringen	11	
1910	Einnahme	11	
1911	Objekt	11	
1912	Vorbild	11	
1913	gelb	11	
1914	vollständig	11	
1915	Investor	11	
1916	Orchester	11	
1917	Treffpunkt	11	
1918	demnach	11	
1919	rechtlich	11	
1920	dicht	11	
1921	senken	11	
1922	Aufbau	11	
1923	Bezug	11	
1924	beruflich	11	
1925	Motor	11	
1926	Prüfung	11	
1927	Behandlung	11	
1928	festlegen	11	
1929	empfangen	11	
1930	anlässlich	11	
1931	Personal	11	
1932	voraussichtlich	11	
1933	wiederholen	11	
1934	Überraschung	11	
1935	Verbesserung	11	
1936	unternehmen	11	
1937	Marke	11	
1938	Unternehmer	11	
1939	vorschlagen	11	
1940	freundlich	11	
1941	nahezu	11	
1942	Pflanze	11	
1943	Wikipedia	11	
1944	Betroffene	11	
1945	Linke	11	
1946	Viertel	11	
1947	Ausländer	11	
1948	löschen	11	
1949	Schicksal	11	
1950	hervorragend	11	
1951	Rad	11	
1952	Klage	11	
1953	stehend	11	
1954	Zitat	11	
1955	unterliegen	11	
1956	Jahrgang	11	
1957	Seele	11	
1958	Wahlkampf	11	
1959	zustimmen	11	
1960	Rot	11	
1961	unklar	11	
1962	langfristig	11	
1963	Radio	11	
1964	Flüchtling	11	
1965	Van	11	
1966	Haltung	11	
1967	Erwartung	11	
1968	Wähler	11	
1969	hessisch	11	
1970	füllen	11	
1971	individuell	11	
1972	Mär	11	
1973	spanen	11	
1974	Forum	11	
1975	Phase	11	
1976	Freundin	11	
1977	Kaffee	11	
1978	einstimmig	11	
1979	Vertrauen	11	
1980	Zentimeter	11	
1981	Motiv	11	
1982	herzlich	11	
1983	Masse	11	
1984	Regierungschef	11	
1985	Finanzierung	11	
1986	ehe	11	
1987	konzentrieren	11	
1988	Anzahl	11	
1989	fremd	11	
1990	Spannung	11	
1991	Grundstück	11	
1992	mitten	11	
1993	arm	11	
1994	Sendung	11	
1995	römisch	11	
1996	egal	11	
1997	Mehr	11	
1998	Salzburger	11	
1999	Rücken	11	
2000	Werbung	11	
2001	Schülerin	11	
2002	Gefängnis	11	
2003	tausend	11	
2004	Landgericht	11	
2005	aufstellen	11	
2006	Kamera	11	
2007	Nutzung	11	
2008	mächtig	11	
2009	griechisch	11	
2010	geschickt	11	
2011	Aussicht	11	
2012	total	11	
2013	Auswirkung	11	
2014	Benutzer	11	
2015	berücksichtigen	11	
2016	froh	11	
2017	benennen	11	
2018	fügen	11	
2019	Regen	11	
2020	Ehe	11	
2021	verkauft	11	
2022	jetzig	11	
2023	erstellen	11	
2024	kontrollieren	11	
2025	Institution	11	
2026	Ministerium	11	
2027	trinken	11	
2028	Weltmeister	11	
2029	Zugang	11	
2030	Arbeiter	11	
2031	mittel	11	
2032	Herausforderung	11	
2033	Jubiläum	11	
2034	Übernahme	11	
2035	still	11	
2036	außen	11	
2037	Lust	11	
2038	Autobahn	11	
2039	Hamburger	11	ADJ
2040	Besitzer	11	
2041	Zeitschrift	11	
2042	sondern	11	V
2043	stehlen	11	
2044	Friedhof	11	
2045	Forscher	11	
2046	indes	11	ADV
2047	Sender	11	
2048	Ehre	11	
2049	Franzose	11	
2050	Oberbürgermeister	11	
2051	versichern	11	
2052	Begründung	11	
2053	Typ	11	
2054	vereinbaren	11	
2055	fortsetzen	11	
2056	vergleichen	11	
2057	ankommen	11	
2058	zurzeit	11	
2059	Angestellte	11	
2060	Best	11	
2061	kurzfristig	11	
2062	illegal	11	
2063	weitgehend	11	
2064	Stärke	11	
2065	Abstand	11	
2066	Kritiker	11	
2067	einig	11	
2068	festhalten	11	
2069	Vorhaben	11	
2070	entschieden	11	
2071	Schlag	11	
2072	Sozialdemokrat	11	
2073	Weiß	11	
2074	verraten	11	
2075	ansprechen	11	
2076	vornehmen	11	
2077	Kenntnis	11	
2078	maximal	11	
2079	Trotz	11	
2080	Summe	11	
2081	Spieltag	11	
2082	zulassen	11	
2083	Strafe	11	
2084	bestellen	11	
2085	Charakter	11	
2086	verlegen	11	V
2087	festnehmen	11	
2088	beantragen	11	
2089	Bach	11	
2090	Zeuge	11	
2091	ausgezeichnet	11	
2092	Landesregierung	11	
2093	Heimspiel	11	
2094	wild	11	
2095	Jänner	11	
2096	Lehre	11	
2097	Jazz	11	
2098	alleine	11	
2099	Sprung	11	
2100	gelegen	11	
2101	zumal	11	CONJ
2102	beantworten	11	
2103	Verlauf	11	
2104	elektronisch	11	
2105	keineswegs	11	
2106	davor	11	
2107	Küche	11	
2108	Weltmeisterschaft	11	
2109	Stürmer	11	
2110	Landrat	11	
2111	lokal	11	
2112	beeindrucken	11	
2113	auszeichnen	11	
2114	entlassen	11	
2115	Schneider	11	
2116	Wachstum	11	
2117	befassen	11	
2118	entgegen	11	PREP
2119	Bundeswehr	11	
2120	Kapitän	11	
2121	Stoff	11	
2122	äußerst(e,er,es)	11	
2123	genügen	11	
2124	Verfassung	11	
2125	Arbeitnehmer	11	
2126	beklagen	11	
2127	Bett	11	
2128	Vorlage	11	
2129	Mauer	11	
2130	Abstimmung	11	
2131	dramatisch	11	
2132	live	11	
2133	bessern	11	
2134	Religion	11	
2135	Aspekt	11	
2136	religiös	11	
2137	einbringen	11	
2138	City	11	
2139	fünfte(r,s)	11	
2140	solange	11	
2141	Aufführung	11	
2142	vorwerfen	11	
2143	Tempo	11	
2144	Bundeskanzler	11	
2145	Stellung	11	
2146	Einschätzung	11	
2147	nochmals	11	
2148	hinten	11	
2149	gegenwärtig	11	
2150	männlich	11	
2151	ordentlich	11	
2152	erteilen	11	
2153	Adresse	11	
2154	umgehen	11	
2155	entfernen	11	
2156	antworten	11	
2157	beteiligt	11	
2158	Ohr	11	
2159	verhandeln	11	
2160	Archiv	11	
2161	Dauer	11	
2162	sechst(e,er,es)	11	
2163	gerecht	11	
2164	berufen	11	
2165	ausschließlich	11	ADV
2166	Landwirtschaft	11	
2167	fehlend	11	
2168	Tourist	11	
2169	scheiden	11	
2170	derzeitig	11	
2171	hinweisen	11	
2172	belasten	11	
2173	Atmosphäre	11	
2174	krank	11	
2175	Formel	11	
2176	Weihnachten	11	
2177	verursachen	11	
2178	örtlich	11	
2179	Ortsbürgermeister	11	
2180	tauchen	11	
2181	seitdem	11	ADV
2182	begehen	11	
2183	sexuell	11	
2184	Theorie	11	
2185	Finanzminister	11	
2186	irgendwann	11	
2187	befreien	11	
2188	unterhalten	11	
2189	Mangel	11	
2190	ausreichend	11	
2191	Pflicht	11	
2192	ökologisch	11	
2193	aussetzen	11	
2194	formulieren	11	
2195	Vereinbarung	11	
2196	Besitz	11	
2197	innerhalb	11	ADV
2198	Party	11	
2199	Vorsprung	11	
2200	Einladung	11	
2201	Maler	11	
2202	Absatz	11	
2203	ausgeben	11	
2204	Qualifikation	11	
2205	verzeichnen	11	
2206	aussprechen	11	
2207	heilig	11	
2208	Länge	11	
2209	Österreicher	11	
2210	wertvoll	11	
2211	Flucht	11	
2212	Konkurrent	11	
2213	unterdessen	11	
2214	begeistern	11	
2215	brennen	11	
2216	Talent	11	
2217	Blut	11	
2218	hauptsächlich	11	
2219	Uni	11	
2220	Tourismus	11	
2221	sichtbar	11	
2222	diesjährig	11	
2223	liberal	11	
2224	Sparkasse	11	
2225	on	11	
2226	Perspektive	11	
2227	Kanzler	11	
2228	reißen	11	
2229	Homepage	11	
2230	Wirklichkeit	11	
2231	generell	11	
2232	Dialog	11	
2233	Schreiben	11	
2234	Koch	11	
2235	Rückstand	11	
2236	Geschenk	11	
2237	Junior	11	
2238	Gegenstand	11	
2239	konservativ	11	
2240	ausführlich	11	
2241	Belastung	11	
2242	Bedarf	11	
2243	allzu	11	
2244	Abschied	11	
2245	Mut	11	
2246	Gremium	11	
2247	Zuhörer	11	
2248	versorgen	11	
2249	wehren	11	
2250	Ausschuss	11	
2251	Akademie	11	
2252	Klima	11	
2253	Pkw	11	
2254	global	11	
2255	jahrelang	11	
2256	Signal	11	
2257	intern	11	
2258	Unterricht	11	
2259	Website	11	
2260	Sängerin	11	
2261	schenken	11	
2262	Bier	11	
2263	Turm	11	
2264	selbstständig	11	
2265	Ware	12	
2266	trocken	12	
2267	Gedicht	12	
2268	schildern	12	
2269	Koblenzer	12	
2270	schwedisch	12	
2271	irgendwie	12	
2272	absehen	12	
2273	prominent	12	
2274	Magazin	12	
2275	Kasse	12	
2276	Biografie	12	
2277	Kirchengemeinde	12	
2278	Anerkennung	12	
2279	Boot	12	
2280	bedienen	12	
2281	ehren	12	
2282	Sportler	12	
2283	Vereinigung	12	
2284	Glas	12	
2285	Erhöhung	12	
2286	verpassen	12	
2287	Bestehen	12	
2288	verschieben	12	
2289	Held	12	
2290	Favorit	12	
2291	Betrag	12	
2292	anerkennen	12	
2293	Innenminister	12	
2294	anmelden	12	
2295	Umbau	12	
2296	Realität	12	
2297	empfinden	12	
2298	Lohn	12	
2299	Eis	12	
2300	korrekt	12	
2301	Kredit	12	
2302	Vorsitzender	12	
2303	teils	12	
2304	Kader	12	
2305	Mitteilung	12	
2306	hinterlassen	12	
2307	bemerken	12	
2308	Ehefrau	12	
2309	Begriffsklärung	12	
2310	gegenseitig	12	
2311	Plus	12	
2312	erledigen	12	
2313	Duell	12	
2314	Schrift	12	
2315	Laut	12	
2316	erarbeiten	12	
2317	automatisch	12	
2318	Glauben	12	
2319	gemütlich	12	
2320	abstimmen	12	
2321	Hamburger	12	NN
2322	auffordern	12	
2323	Fähigkeit	12	
2324	erfassen	12	
2325	Verwendung	12	
2326	Video	12	
2327	halt	12	ADV
2328	Maß	12	
2329	Medaille	12	
2330	derartig	12	
2331	Strategie	12	
2332	Revolution	12	
2333	stattdessen	12	
2334	Gipfel	12	
2335	Standard	12	
2336	Umsetzung	12	
2337	malen	12	
2338	Akteur	12	
2339	lohnen	12	
2340	verletzt	12	
2341	Schauspielerin	12	
2342	Persönlichkeit	12	
2343	Versammlung	12	
2344	verwandeln	12	
2345	angeben	12	
2346	gelassen	12	
2347	Verantwortliche	12	
2348	deuten	12	
2349	Gewinner	12	
2350	Handlung	12	
2351	Verteidiger	12	
2352	vielfältig	12	
2353	niederländisch	12	
2354	rollen	12	
2355	nachweisen	12	
2356	passend	12	
2357	Schnee	12	
2358	Arbeitslosigkeit	12	
2359	unterbringen	12	
2360	arabisch	12	
2361	beziehungsweise	12	
2362	erhältlich	12	
2363	geistig	12	
2364	Sprecherin	12	
2365	einerseits	12	
2366	gefährden	12	
2367	Händler	12	
2368	Agentur	12	
2369	etliche	12	
2370	momentan	12	
2371	rechtzeitig	12	
2372	ewig	12	
2373	Erlös	12	
2374	Fusion	12	
2375	erzeugen	12	
2376	enttäuschen	12	
2377	Gesang	12	
2378	flüchten	12	
2379	Dutzend	12	
2380	optimal	12	
2381	Flug	12	
2382	Autorin	12	
2383	Öl	12	
2384	Betreuung	12	
2385	eventuell	12	
2386	Resultat	12	
2387	Erweiterung	12	
2388	tödlich	12	
2389	abrufen	12	
2390	bewerben	12	
2391	schriftlich	12	
2392	Beleg	12	
2393	Probe	12	
2394	Statistik	12	
2395	aufheben	12	
2396	vorläufig	12	
2397	rechten	12	
2398	Quartal	12	
2399	ernennen	12	
2400	heiraten	12	
2401	Abwehr	12	
2402	serbisch	12	
2403	Prinz	12	
2404	Katastrophe	12	
2405	Organisator	12	
2406	Tal	12	
2407	Sponsor	12	
2408	Militär	12	
2409	aufführen	12	
2410	angehen	12	
2411	Gestaltung	12	
2412	Umfeld	12	
2413	Fortschritt	12	
2414	Anzeige	12	
2415	Einstellung	12	
2416	Notizblock	12	
2417	hell	12	
2418	erwachsen	12	ADJ
2419	demnächst	12	
2420	versetzen	12	
2421	packen	12	
2422	Integration	12	
2423	Klavier	12	
2424	ziemlich	12	ADJ
2425	Fisch	12	
2426	kommunal	12	
2427	Elf	12	
2428	schieben	12	
2429	garantieren	12	
2430	gestehen	12	
2431	Auffassung	12	
2432	weshalb	12	
2433	verstorben	12	
2434	Operation	12	
2435	Kompromiss	12	
2436	seither	12	
2437	Geburt	12	
2438	Beschreibung	12	
2439	bewerten	12	
2440	absagen	12	
2441	Gasthaus	12	
2442	austragen	12	
2443	gewaltig	12	
2444	Fax	12	
2445	demonstrieren	12	
2446	körperlich	12	
2447	beinahe	12	
2448	Unterhaltung	12	
2449	Schatten	12	
2450	Krone	12	
2451	Anwohner	12	
2452	messen	12	
2453	Alkohol	12	
2454	Zuschuss	12	
2455	schlicht	12	
2456	wert	12	
2457	Spielzeit	12	
2458	Blume	12	
2459	Erlebnis	12	
2460	Rund	12	
2461	leid	12	
2462	Anbieter	12	
2463	professionell	12	
2464	Unbekannte	12	
2465	anschließen	12	
2466	top	12	
2467	schlafen	12	
2468	signiert	12	
2469	überwiegen	12	
2470	wagen	12	
2471	soweit	12	ADV
2472	Dokument	12	
2473	spenden	12	
2474	Öffnungszeit	12	
2475	sauber	12	
2476	Dichter	12	
2477	Nase	12	
2478	erreicht	12	
2479	Dritte	12	
2480	ausdrücklich	12	
2481	Mühe	12	
2482	Wettkampf	12	
2483	islamisch	12	
2484	lustig	12	
2485	ernsthaft	12	
2486	Großteil	12	
2487	Arbeitslose	12	
2488	Front	12	
2489	Abfahrt	12	
2490	decken	12	
2491	verbleiben	12	
2492	Analyse	12	
2493	Englisch	12	
2494	Generalsekretär	12	
2495	Obmann	12	
2496	Wanderung	12	
2497	Angelegenheit	12	
2498	Verbot	12	
2499	Tiroler	12	
2500	Verbrechen	12	
2501	Heilige	12	
2502	schweigen	12	
2503	Lokal	12	
2504	verkünden	12	
2505	Ecke	12	
2506	wandern	12	
2507	realisieren	12	
2508	Gewicht	12	
2509	kommentieren	12	
2510	Mail	12	
2511	locker	12	
2512	regeln	12	
2513	Äußerung	12	
2514	selbstverständlich	12	
2515	ideal	12	
2516	überlassen	12	
2517	Ansatz	12	
2518	Last	12	
2519	Ei	12	
2520	traurig	12	
2521	Christ	12	
2522	Bürgerhaus	12	
2523	Pfarrkirche	12	
2524	stylen	12	
2525	zukünftig	12	
2526	niemals	12	
2527	einleiten	12	
2528	Vorgänger	12	
2529	stabil	12	
2530	Fortsetzung	12	
2531	Tennis	12	
2532	Medikament	12	
2533	erleichtern	12	
2534	mitmachen	12	
2535	agieren	12	
2536	Einigung	12	
2537	samt	12	
2538	Loch	12	
2539	beschädigen	12	
2540	Weber	12	
2541	Bord	12	
2542	inhaltlich	12	
2543	Jury	12	
2544	Vorfeld	12	
2545	Hektar	12	
2546	Zeitraum	12	
2547	Versicherung	12	
2548	Halbfinale	12	
2549	verweigern	12	
2550	Widerspruch	12	
2551	Beschäftigter	12	
2552	Telefonnummer	12	
2553	orientieren	12	
2554	Gutachten	12	
2555	abbauen	12	
2556	zurückziehen	12	
2557	versucht	12	
2558	Anwendung	12	
2559	Getränk	12	
2560	steuern	12	
2561	Golf	12	
2562	Kongress	12	
2563	Anliegen	12	
2564	drin	12	
2565	Infrastruktur	12	
2566	Seminar	12	
2567	parallel	12	
2568	Nationalmannschaft	12	
2569	Budget	12	
2570	Laden	12	
2571	Altstadt	12	
2572	Bundespräsident	12	
2573	friedlich	12	
2574	Kapitel	12	
2575	Schuh	12	
2576	konsequent	12	
2577	Hafen	12	
2578	wahrnehmen	12	
2579	draußen	12	
2580	Verbraucher	12	
2581	dominieren	12	
2582	Arbeitsmarkt	12	
2583	Absicht	12	
2584	umso	12	CONJ
2585	Klang	12	
2586	Gebühr	12	
2587	mutmaßlich	12	
2588	Musical	12	
2589	Leiche	12	
2590	Villa	12	
2591	tschechisch	12	
2592	Bremer	12	
2593	werten	12	
2594	Mischung	12	
2595	Inszenierung	12	
2596	Kuchen	12	
2597	radikal	12	
2598	Note	12	
2599	begegnen	12	
2600	Kriterium	12	
2601	Zähler	12	
2602	plus	12	PREP
2603	Schiedsrichter	12	
2604	gezielt	12	
2605	euch	12	
2606	Vordergrund	12	
2607	Philosophie	12	
2608	Mitarbeiterin	12	
2609	apern	12	
2610	Umzug	12	
2611	Denkmal	12	
2612	Einkommen	12	
2613	Konto	12	
2614	erfreuen	12	
2615	wonach	12	
2616	wunderbar	12	
2617	real	12	
2618	Gegend	12	
2619	juristisch	12	
2620	lächeln	12	
2621	ausgerechnet	12	
2622	Freizeit	12	
2623	Herkunft	12	
2624	Tagesordnung	12	
2625	anpassen	12	
2626	Kern	12	
2627	Mund	12	
2628	Gas	12	
2629	unmöglich	12	
2630	Grand	12	
2631	digital	12	
2632	monatlich	12	
2633	testen	12	
2634	Landwirt	12	
2635	überlegen	12	V
2636	ärgern	12	
2637	unterstreichen	12	
2638	ausfallen	12	
2639	Eingang	12	
2640	Gegenwart	12	
2641	Wende	12	
2642	spektakulär	12	
2643	Griff	12	
2644	Center	12	
2645	Top	12	
2646	Pflege	12	
2647	gemäß	12	PREP
2648	Demonstration	12	
2649	Stellungnahme	12	
2650	souverän	12	
2651	Ausflug	12	
2652	schwimmen	12	
2653	Angehöriger	12	
2654	Image	12	
2655	Tasche	12	
2656	Aufsteiger	12	
2657	Bibliothek	12	
2658	einmalig	12	
2659	fair	12	
2660	verbreiten	12	
2661	Augenblick	12	
2662	mitbringen	12	
2663	Schnitt	12	
2664	Disziplin	12	
2665	ausstatten	12	
2666	nachdenken	12	
2667	eintreten	12	
2668	Beteiligte	12	
2669	beeinflussen	12	
2670	angehören	12	
2671	Duo	12	
2672	Apotheke	12	
2673	einheitlich	12	
2674	Aufmerksamkeit	12	
2675	Arena	12	
2676	bergen	12	
2677	Aufsichtsrat	12	
2678	qualifizieren	12	
2679	Gestalt	12	
2680	integrieren	12	
2681	Schwarz	12	
2682	Geheimnis	12	
2683	einstig	12	
2684	Kapelle	12	
2685	Symbol	12	
2686	Wiese	12	
2687	registrieren	12	
2688	Kombination	12	
2689	entgegen	12	ADV
2690	Konferenz	12	
2691	gestrig	12	
2692	Mandat	12	
2693	sowjetisch	12	
2694	Anklage	12	
2695	Droge	12	
2696	Führer	12	
2697	unterschreiben	12	
2698	raus	12	ADV
2699	vorzeitig	12	
2700	Türe	12	
2701	Verpflichtung	12	
2702	Bedürfnis	12	
2703	Lebensjahr	12	
2704	Kleine	12	
2705	derart	12	
2706	streiten	12	
2707	bewahren	12	
2708	verschaffen	12	
2709	optimistisch	12	
2710	herum	12	
2711	lebendig	12	
2712	würdigen	12	
2713	Pokal	12	
2714	klappen	12	
2715	Kohl	12	
2716	Lebensmittel	12	
2717	Innere	12	
2718	bürgerlich	12	
2719	Silber	12	
2720	Rente	12	
2721	Vorgehen	12	
2722	Justiz	12	
2723	engagiert	12	
2724	Stock	12	
2725	aufrufen	12	
2726	Herrschaft	12	
2727	Bitte	12	
2728	Interessent	12	
2729	bitter	12	
2730	treu	12	
2731	nachhaltig	12	
2732	geltend	12	
2733	Hauptschule	12	
2734	verstecken	12	
2735	gelegentlich	12	
2736	grau	12	
2737	Posten	12	
2738	Heim	12	
2739	Rekord	12	
2740	literarisch	12	
2741	Berufung	12	
2742	korrigieren	12	
2743	vortragen	12	
2744	Lesung	12	
2745	Löwe	12	
2746	fort	12	
2747	kassieren	12	
2748	beschränken	12	
2749	gebracht	12	
2750	Fahrrad	12	
2751	verdanken	12	
2752	benachbart	12	
2753	Schmerz	12	
2754	Vier	12	
2755	versehen	12	
2756	Bundesstaat	12	
2757	nett	12	
2758	Förderverein	12	
2759	überleben	12	
2760	Aufklärung	12	
2761	Verlängerung	12	
2762	vorn	12	
2763	Herzog	12	
2764	Distanz	12	
2765	fröhlich	12	
2766	Schlacht	12	
2767	Lob	12	
2768	ausrichten	12	
2769	hervor	12	ADV
2770	Bestand	12	
2771	bestens	12	
2772	überwinden	12	
2773	geradezu	12	
2774	Stellvertreter	12	
2775	Prognose	12	
2776	anwesend	12	
2777	vergleichbar	12	
2778	widersprechen	12	
2779	sicherstellen	12	
2780	Grab	12	
2781	überwiegend	12	
2782	Übersetzung	12	
2783	Finger	12	
2784	Anforderung	12	
2785	auftauchen	12	
2786	Einbruch	12	
2787	definieren	12	
2788	Geschwindigkeit	12	
2789	oliv	12	
2790	Besetzung	12	
2791	verhalten	12	V
2792	Existenz	12	
2793	Baby	12	
2794	vermeintlich	12	
2795	Pass	12	
2796	Affäre	12	
2797	Leiterin	12	
2798	ausschließlich	12	ADJ
2799	Gitarre	12	
2800	Bewerber	12	
2801	Bestandteil	12	
2802	Eigentümer	12	
2803	Palästinenser	12	
2804	Rückgang	12	
2805	euer	12	
2806	Staatsanwalt	12	
2807	Geschehen	12	
2808	dreimal	12	
2809	gebürtig	12	
2810	entsprechend	12	PREP
2811	meistens	12	
2812	Trio	12	
2813	Amtszeit	12	
2814	Trennung	12	
2815	träumen	12	
2816	kriegen	12	
2817	mittels	12	
2818	Respekt	12	
2819	kreativ	12	
2820	Betreiber	12	
2821	Präsentation	12	
2822	Italiener	12	
2823	Eigenschaft	12	
2824	nunmehr	12	
2825	Schau	12	
2826	dortig	12	
2827	erzielt	12	
2828	begreifen	12	
2829	Metall	12	
2830	Versorgung	12	
2831	Künstlerin	12	
2832	einnehmen	12	
2833	umso	12	ADV
2834	gratulieren	12	
2835	Hochzeit	12	
2836	fit	12	
2837	keinerlei	12	
2838	binden	12	
2839	Ehepaar	12	
2840	ausmachen	12	
2841	überreichen	12	
2842	zwanzig	12	
2843	Architektur	12	
2844	Jurist	12	
2845	erstaunlich	12	
2846	Orgel	12	
2847	Aufwand	12	
2848	Ablauf	12	
2849	auffallen	12	
2850	Erste	12	
2851	erfreulich	12	
2852	Welle	12	
2853	Träger	12	
2854	Defizit	12	
2855	Kampagne	12	
2856	höchst	12	
2857	entfallen	12	
2858	Dirigent	12	
2859	Tiefe	12	
2860	Erbe	12	
2861	Wappen	12	
2862	Vorfall	12	
2863	kühl	12	
2864	vorig	12	
2865	Handball	12	
2866	genehmigen	12	
2867	Kommunikation	12	
2868	linke(r,s)	12	
2869	Siedlung	12	
2870	Stufe	12	
2871	erschießen	12	
2872	kochen	12	
2873	Ticket	12	
2874	Meldung	12	
2875	Tausend	12	
2876	Hauptstraße	12	
2877	na	12	
2878	Mieter	12	
2879	vorsichtig	12	
2880	bedenken	12	
2881	Übung	12	
2882	Passagier	12	
2883	Streik	12	
2884	Regionalliga	12	
2885	Einblick	12	
2886	Ski	12	
2887	Porträt	12	
2888	Effekt	12	
2889	Beschwerde	12	
2890	Bedenken	12	
2891	Medizin	12	
2892	außerordentlich	12	
2893	Mittelfeld	12	
2894	Los	12	
2895	unglaublich	12	
2896	stützen	12	
2897	Oe	12	
2898	abhängig	12	
2899	denkbar	12	
2900	verheiraten	12	
2901	Überlegung	12	
2902	einschränken	12	
2903	mehrmals	12	
2904	vorkommen	12	
2905	Ehrung	12	
2906	verstärkt	12	
2907	Management	12	
2908	Kompetenz	12	
2909	anhalten	12	
2910	Vorgang	12	
2911	Gaststätte	12	
2912	typen	12	
2913	Ale	12	
2914	ungarisch	12	
2915	irgendwo	12	
2916	vorgesehen	12	
2917	Komödie	12	
2918	Single	12	
2919	betreten	12	V
2920	Kilogramm	12	
2921	geheim	12	
2922	Brite	12	
2923	nähern	12	
2924	Etappe	12	
2925	sanieren	12	
2926	Hit	12	
2927	Fleisch	12	
2928	sobald	12	
2929	unterrichten	12	
2930	sowieso	12	
2931	Filiale	12	
2932	Kulisse	12	
2933	Torhüter	12	
2934	Umfang	12	
2935	indisch	12	
2936	künstlich	12	
2937	Mittelalter	12	
2938	ausführen	12	
2939	übersetzen	12	
2940	Historiker	12	
2941	Staffel	12	
2942	Unglück	12	
2943	vernünftig	12	
2944	Einzug	12	
2945	dokumentieren	12	
2946	theoretisch	12	
2947	ausstellen	12	
2948	Cent	12	
2949	Marktplatz	12	
2950	Hesse	12	
2951	Jäger	12	
2952	exakt	12	
2953	Allianz	12	
2954	außergewöhnlich	12	
2955	Kanal	12	
2956	Formulierung	12	
2957	Begeisterung	12	
2958	inklusive	12	
2959	Pressekonferenz	12	
2960	Gemälde	12	
2961	Flamme	12	
2962	Potenzial	12	
2963	nachts	12	
2964	potenziell	12	
2965	Finanz	12	
2966	Nazi	12	
2967	Verteidigung	12	
2968	Katze	12	
2969	Gerücht	12	
2970	Baustelle	12	
2971	dauerhaft	12	
2972	spielerisch	12	
2973	Oberliga	12	
2974	Champion	12	
2975	überschreiten	12	
2976	Anstieg	12	
2977	veröffentlicht	12	
2978	Sturz	12	
2979	Beifall	12	
2980	mangelnd	12	
2981	Mission	12	
2982	Flügel	12	
2983	Verdienst	12	
2984	Ansprechpartner	12	
2985	Bestimmung	12	
2986	Skandal	12	
2987	Freundschaft	12	
2988	Vorstandsmitglied	12	
2989	verständlich	12	
2990	Serbe	12	
2991	Fassung	12	
2992	einschließlich	12	
2993	Café	12	
2994	entziehen	12	
2995	auflösen	12	
2996	Malerei	12	
2997	neutral	12	
2998	Handwerk	12	
2999	ehrlich	12	
3000	Abenteuer	12	
